title,file_zip,file_size,number_channels,preview,genre,artist
"Corine, Corine",https://mtkdata.cambridgemusictechnology.co.uk/Telefunken/AbletonesBigBand_CorineCorine_Full.zip,393 MB,19,https://previews.cambridge-mt.com/CorineCorine_Full_Preview.mp3,0,0
Song Of India,https://mtkdata.cambridgemusictechnology.co.uk/Telefunken/AbletonesBigBand_SongOfIndia_Full.zip,423 MB,18,https://previews.cambridge-mt.com/SongOfIndia_Full_Preview.mp3,0,0
I'm Coming Home,https://mtkdata.cambridgemusictechnology.co.uk/Telefunken/AlanEvansTrio_ImComingHome_Full.zip,1700 MB,16,https://previews.cambridge-mt.com/ImComingHome_Full_Preview.mp3,0,1
Rumba Chonta,https://mtkdata.cambridgemusictechnology.co.uk/MTK007/AlejoGranados_RumbaChonta_Full.zip,315 MB,20,https://previews.cambridge-mt.com/RumbaChonta_Full_Preview.mp3,0,2
Dead Roses,https://mtkdata.cambridgemusictechnology.co.uk/Telefunken/AndrewCole_DeadRoses_Full.zip,756 MB,33,https://previews.cambridge-mt.com/DeadRoses_Full_Preview.mp3,0,3
.A. Mozart's'Piano Concerto No.12 K414 (Allegro),https://mtkdata.cambridgemusictechnology.co.uk/MTK015/GnessinAcademyOrchestra_PianoConcertoK414_Full.zip,1097 MB,10,https://previews.cambridge-mt.com/PianoConcertoK414_Full_Preview.mp3,0,4
Milk Cow Blues,https://mtkdata.cambridgemusictechnology.co.uk/MTK002/AngelaThomasWade_MilkCowBlues_Full.zip,204 MB,11,https://previews.cambridge-mt.com/MilkCowBlues_Full_Preview.mp3,0,5
Rachel,https://mtkdata.cambridgemusictechnology.co.uk/MTK010/AnnaBlanton_Rachel_Full.zip,287 MB,10,https://previews.cambridge-mt.com/Rachel_Full_Preview.mp3,0,6
Waves,https://mtkdata.cambridgemusictechnology.co.uk/MTK010/AnnaBlanton_Waves_Full.zip,256 MB,13,https://previews.cambridge-mt.com/Waves_Full_Preview.mp3,0,6
The Saga Of Harrison Crabfeathers,https://mtkdata.cambridgemusictechnology.co.uk/MTK016/Araujo_TheSagaOfHarrisonCrabfeathers_Full.zip,223 MB,13,https://previews.cambridge-mt.com/TheSagaOfHarrisonCrabfeathers_Full_Preview.mp3,0,7
.S.Bach's'Jesu bleibet meine Freude,https://mtkdata.cambridgemusictechnology.co.uk/MTK003/AsamClassicalSoloists_JesuJoy_Full.zip,155 MB,5,https://previews.cambridge-mt.com/JesuJoy_Full_Preview.mp3,0,8
.F.Handel's'Non Lo Diro Col Labbro,https://mtkdata.cambridgemusictechnology.co.uk/MTK003/AsamClassicalSoloists_NonLoDiroColLabbro_Full.zip,109 MB,5,https://previews.cambridge-mt.com/NonLoDiroColLabbro_Full_Preview.mp3,0,8
Own Way To Boogie,https://multitracks.cambridge-mt.com/BalazsDanielBoogieWoogieTrio_OwnWayToBoogie_Full.zip,396 MB,22,https://previews.cambridge-mt.com/OwnWayToBoogie_Full_Preview.mp3,0,9
Believer,https://mtkdata.cambridgemusictechnology.co.uk/Telefunken/Barnstar_Believer_Full.zip,338 MB,11,https://previews.cambridge-mt.com/Believer_Full_Preview.mp3,0,10
You Don't Know,https://mtkdata.cambridgemusictechnology.co.uk/Telefunken/Barnstar_YouDontKnow_Full.zip,293 MB,11,https://previews.cambridge-mt.com/YouDontKnow_Full_Preview.mp3,0,10
Dad's Glad,https://mtkdata.cambridgemusictechnology.co.uk/MTK001/MR1106_BlueLitMoon_Full.zip,218 MB,13,https://previews.cambridge-mt.com/1106_Remix.mp3,0,11
rahms''Hungarian Dance No. 5,https://multitracks.cambridge-mt.com/BolzAndKnecht_HungarianDanceNo5_Full.zip,78 MB,3,https://previews.cambridge-mt.com/HungarianDanceNo5_Full_Preview.mp3,0,12
Summertime,https://multitracks.cambridge-mt.com/BolzAndKnecht_Summertime_Full.zip,143 MB,6,https://previews.cambridge-mt.com/Summertime2_Full_Preview.mp3,0,12
Va! Laisse Couler Mes Larmes,https://multitracks.cambridge-mt.com/CamillaFrancescaBull_VaLaisseCoulerMesLarmes_Full.zip,105 MB,6,https://previews.cambridge-mt.com/VaLaisseCoulerMesLarmes_Full_Preview.mp3,0,13
.A.Mozart's'Voi Che Sapete,https://multitracks.cambridge-mt.com/CamillaFrancescaBull_VoiCheSapete_Full.zip,134 MB,6,https://previews.cambridge-mt.com/VoiCheSapete_Full_Preview.mp3,0,13
Szárad A Száj,https://mtkdata.cambridgemusictechnology.co.uk/MTK015/Chalga_SzaradASzaj_Full.zip,330 MB,17,https://previews.cambridge-mt.com/SzaradASzaj_Full_Preview.mp3,0,14
Bright Angel,https://mtkdata.cambridgemusictechnology.co.uk/Telefunken/ColebrookRoad_BrightAngel_Full.zip,157 MB,5,https://previews.cambridge-mt.com/BrightAngel_Full_Preview.mp3,0,15
Make You Dance,http://www.puremix.net/zelab-mixing-contest/mixing-contest-al-schmitt-cyrille-aimee.html,649 MB,15,https://previews.cambridge-mt.com/MakeYouDance_Full_Preview.mp3,0,16
The Things We Do For Love,http://www.puremix.net/zelab-mixing-contest/zelab-session-18-david-crosby.html,566 MB,37,https://previews.cambridge-mt.com/TheThingsWeDoForLove_Full_Preview.mp3,0,17
"Dust, You And Me",https://mtkdata.cambridgemusictechnology.co.uk/MTK003/DavidYoungs_DustYouAndMe_Full.zip,28 MB,1,https://previews.cambridge-mt.com/DustYouAndMe_Full_Preview.mp3,0,18
Long Overdue,https://mtkdata.cambridgemusictechnology.co.uk/MTK003/DavidYoungs_LongOverdue_Full.zip,75 MB,4,https://previews.cambridge-mt.com/LongOverdue_Full_Preview.mp3,0,18
Technomantra,https://mtkdata.cambridgemusictechnology.co.uk/MTK003/DavidYoungs_Technomantra_Full.zip,96 MB,2,https://previews.cambridge-mt.com/Technomantra_Full_Preview.mp3,0,18
Queen's Light,https://mtkdata.cambridgemusictechnology.co.uk/MTK005/DinoOnTheLoose_QueensLight_Full.zip,479 MB,20,https://previews.cambridge-mt.com/QueensLight_Full_Preview.mp3,0,19
The Marsh Marigold's Song,https://multitracks.cambridge-mt.com/DonCamilloChoir_MarshMarigoldsSong_Full.zip,115 MB,12,https://previews.cambridge-mt.com/MarshMarigoldsSong_Full_Preview.mp3,0,20
Trude The Bumblebee,https://multitracks.cambridge-mt.com/DonCamilloChoir_TrudeTheBumblebee_Full.zip,331 MB,20,https://previews.cambridge-mt.com/TrudeTheBumblebee_Full_Preview.mp3,0,20
The Woodworm Song,https://multitracks.cambridge-mt.com/DonCamilloChoir_WoodwormSong_Full.zip,211 MB,11,https://previews.cambridge-mt.com/WoodwormSong_Full_Preview.mp3,0,20
Africa,https://multitracks.cambridge-mt.com/EddieGarrido_Africa_Full.zip,201 MB,15,https://previews.cambridge-mt.com/Africa_Full_Preview.mp3,0,21
Scarlett,https://multitracks.cambridge-mt.com/EddieGarrido_Scarlett_Full.zip,228 MB,23,https://previews.cambridge-mt.com/Scarlett_Full_Preview.mp3,0,21
Una Semana Sin Ti,https://multitracks.cambridge-mt.com/EddieGarrido_UnaSemanaSinTi_Full.zip,107 MB,10,https://previews.cambridge-mt.com/UnaSemanaSinTi_Full_Preview.mp3,0,21
An Nasc Nua,https://mtkdata.cambridgemusictechnology.co.uk/MTK007/EndaReilly_AnNascNua_Full.zip,184 MB,19,https://previews.cambridge-mt.com/AnNascNua_Full_Preview.mp3,0,22
Cur An Long Ag Seol,https://mtkdata.cambridgemusictechnology.co.uk/MTK007/EndaReilly_CurAnLongAgSeol_Full.zip,210 MB,12,https://previews.cambridge-mt.com/CurAnLongAgSeol_Full_Preview.mp3,0,22
Cello Concerto in A Minor,https://multitracks.cambridge-mt.com/EthanWiner_CelloConcerto_Full.zip,1163 MB,20,https://previews.cambridge-mt.com/CelloConcerto_Full_Preview.mp3,0,23
Sleigh Ride,https://mtkdata.cambridgemusictechnology.co.uk/MTK007/FunnyValentines_SleighRide_Full.zip,219 MB,7,https://previews.cambridge-mt.com/SleighRide_Full_Preview.mp3,0,24
A Reason To Leave,https://mtkdata.cambridgemusictechnology.co.uk/MTK009/PatrickTalbot_AReasonToLeave_Full.zip,786 MB,38,https://previews.cambridge-mt.com/AReasonToLeave_Full_Preview.mp3,0,25
Blue,https://mtkdata.cambridgemusictechnology.co.uk/MTK009/PatrickTalbot_Blue_Full.zip,566 MB,23,https://previews.cambridge-mt.com/Blue_Full_Preview.mp3,0,25
Fool,https://mtkdata.cambridgemusictechnology.co.uk/MTK009/PatrickTalbot_Fool_Full.zip,321 MB,26,https://previews.cambridge-mt.com/Fool_Full_Preview.mp3,0,25
Set Me Free,https://mtkdata.cambridgemusictechnology.co.uk/MTK009/PatrickTalbot_SetMeFree_Full.zip,427 MB,23,https://previews.cambridge-mt.com/SetMeFree_Full_Preview.mp3,0,25
Upper Hand,https://mtkdata.cambridgemusictechnology.co.uk/MTK009/PatrickTalbot_UpperHand_Full.zip,533 MB,31,https://previews.cambridge-mt.com/UpperHand_Full_Preview.mp3,0,25
A Sailor Once More,https://multitracks.cambridge-mt.com/GlenMcPhee_ASailorOnceMore_Full.zip,341 MB,19,https://previews.cambridge-mt.com/ASailorOnceMore_Full_Preview.mp3,0,26
Paraisso,https://multitracks.cambridge-mt.com/JadeSafirah_Paraisso_Full.zip,321 MB,25,https://previews.cambridge-mt.com/Paraisso_Full_Preview.mp3,0,27
Hold On You,https://mtkdata.cambridgemusictechnology.co.uk/MTK004/JamesMay_HoldOnYou_Full.zip,212 MB,9,https://previews.cambridge-mt.com/HoldOnYou_Full_Preview.mp3,0,28
Eliza Jane,https://mtkdata.cambridgemusictechnology.co.uk/MTK004/JamesMay_ElizaJane_Full.zip,554 MB,16,https://previews.cambridge-mt.com/ElizaJane_Full_Preview.mp3,0,28
If You Say,https://mtkdata.cambridgemusictechnology.co.uk/MTK004/JamesMay_IfYouSay_Full.zip,348 MB,16,https://previews.cambridge-mt.com/IfYouSay_Full_Preview.mp3,0,28
On The Line,https://mtkdata.cambridgemusictechnology.co.uk/MTK004/MR1210_JamesMay_Full.zip,434 MB,14,https://previews.cambridge-mt.com/1210_RemixLoud.mp3,0,28
All Souls Moon,https://mtkdata.cambridgemusictechnology.co.uk/MTK004/JamesMay_AllSoulsMoon_Full.zip,255 MB,16,https://previews.cambridge-mt.com/AllSoulsMoon_Full_Preview.mp3,0,28
Don't Let Go,https://mtkdata.cambridgemusictechnology.co.uk/MTK004/JamesMay_DontLetGo_Full.zip,239 MB,13,https://previews.cambridge-mt.com/DontLetGo_Full_Preview.mp3,0,28
Alex The Adventurer,https://mtkdata.cambridgemusictechnology.co.uk/MTK001/JeffreyHayat_AlexTheAdventurer_Full.zip,188 MB,35,https://previews.cambridge-mt.com/AlexTheAdventurer_Full_Preview.mp3,0,29
What Is This Thing Called Love,https://mtkdata.cambridgemusictechnology.co.uk/MTK002/MR0804_JesperBuhlTrio_Full.zip,332 MB,6,https://previews.cambridge-mt.com/0804_Remix.mp3,0,30
Away,https://multitracks.cambridge-mt.com/JoannaWard_Away_Full.zip,142 MB,3,https://previews.cambridge-mt.com/Away_Full_Preview.mp3,0,31
elemann's'La Lyra Overture,https://multitracks.cambridge-mt.com/KCLBaroque_TelemannLaLyra_Full.zip,452 MB,9,https://previews.cambridge-mt.com/TelemannLaLyraOverture_Full_Preview.mp3,0,32
Makin' Whoopee,https://mtkdata.cambridgemusictechnology.co.uk/MTK010/LindyHipBigBand_MakinWhoopee_Full.zip,465 MB,20,https://previews.cambridge-mt.com/MakinWhoopee_Full_Preview.mp3,0,33
The Opener,https://mtkdata.cambridgemusictechnology.co.uk/MTK010/LindyHipBigBand_TheOpener_Full.zip,299 MB,19,https://previews.cambridge-mt.com/TheOpener_Full_Preview.mp3,0,33
Scar,https://mtkdata.cambridgemusictechnology.co.uk/Telefunken/TheLonelyWild_Scar_Full.zip,335 MB,9,https://previews.cambridge-mt.com/Scar_Full_Preview.mp3,0,34
Back Home To Blue,https://mtkdata.cambridgemusictechnology.co.uk/MTK008/TheLongWait_BackHomeToBlue_Full.zip,397 MB,21,https://previews.cambridge-mt.com/BackHomeToBlue_Full_Preview.mp3,0,35
Dark Horses,https://mtkdata.cambridgemusictechnology.co.uk/MTK008/TheLongWait_DarkHorses_Full.zip,410 MB,18,https://previews.cambridge-mt.com/DarkHorses_Full_Preview.mp3,0,35
Drag,https://mtkdata.cambridgemusictechnology.co.uk/MTK008/TheLongWait_Drag_Full.zip,676 MB,29,https://previews.cambridge-mt.com/Drag_Full_Preview.mp3,0,35
Lookout Mountain,https://mtkdata.cambridgemusictechnology.co.uk/MTK008/TheLongWait_LookoutMountain_Full.zip,395 MB,19,https://previews.cambridge-mt.com/LookoutMountain_Full_Preview.mp3,0,35
Santa,https://mtkdata.cambridgemusictechnology.co.uk/MTK008/TheLongWait_Santa_Full.zip,218 MB,34,https://previews.cambridge-mt.com/Santa_Full_Preview.mp3,0,35
Changing Things (Dorian's Song),https://mtkdata.cambridgemusictechnology.co.uk/MTK015/LorenzoPrice_ChangingThings_Full.zip,378 MB,16,https://previews.cambridge-mt.com/ChangingThings_Full_Preview.mp3,0,36
All The Gin Is Gone,https://multitracks.cambridge-mt.com/MaurizioPagnuttiSextet_AllTheGinIsGone_Full.zip,417 MB,16,https://previews.cambridge-mt.com/AllTheGinIsGone_Full_Preview.mp3,0,37
Bess,https://multitracks.cambridge-mt.com/MaurizioPagnuttiSextet_Bess_Full.zip,660 MB,16,https://previews.cambridge-mt.com/Bess_Full_Preview.mp3,0,37
Sun Drenched,https://mtkdata.cambridgemusictechnology.co.uk/MTK003/MikeSkalandunas_SunDrenched_Full.zip,76 MB,19,https://previews.cambridge-mt.com/SunDrenched_Full_Preview.mp3,0,38
Fever,https://mtkdata.cambridgemusictechnology.co.uk/MTK016/Mirroman_Fever_Full.zip,62 MB,3,https://previews.cambridge-mt.com/Fever_Full_Preview.mp3,0,39
Go Go Go,https://mtkdata.cambridgemusictechnology.co.uk/Telefunken/NickiBluhmAndTheGramblers_GoGoGo_Full.zip,502 MB,19,https://previews.cambridge-mt.com/GoGoGo_Full_Preview.mp3,0,40
Nalim,https://mtkdata.cambridgemusictechnology.co.uk/Telefunken/NikolaStajicFtVlasisKostas_Nalim_Full.zip,154 MB,4,https://previews.cambridge-mt.com/Nalim_Full_Preview.mp3,0,41
That's Entertainment,https://multitracks.cambridge-mt.com/Ojebokoren_ThatsEntertainment_Full.zip,157 MB,7,https://previews.cambridge-mt.com/ThatsEntertainment_Full_Preview.mp3,0,42
Carolina In The Pines,https://mtkdata.cambridgemusictechnology.co.uk/Telefunken/PrettySaro_CarolinaInThePines_Full.zip,203 MB,6,https://previews.cambridge-mt.com/CarolinaInThePines_Full_Preview.mp3,0,43
The Glass,https://multitracks.cambridge-mt.com/Primakova_TheGlass_Full.zip,405 MB,24,https://previews.cambridge-mt.com/TheGlass_Full_Preview.mp3,0,44
achebel's'Canon,https://multitracks.cambridge-mt.com/RodAlexander_Canon_Full.zip,75 MB,2,https://previews.cambridge-mt.com/Canon_Full_Preview.mp3,0,45
Tears In The Rain,https://mtkdata.cambridgemusictechnology.co.uk/MTK008/RodAlexander_TearsInTheRain_Full.zip,218 MB,14,https://previews.cambridge-mt.com/TearsInTheRain_Full_Preview.mp3,0,45
It's In These Times,https://multitracks.cambridge-mt.com/RoversAhead_ItsInTheseTimes_Full.zip,949 MB,41,https://previews.cambridge-mt.com/ItsInTheseTimes_Full_Preview.mp3,0,46
Ying Yang,https://mtkdata.cambridgemusictechnology.co.uk/MTK003/MR1207_SantiVega_Full.zip,53 MB,1,https://previews.cambridge-mt.com/1207_Remix.mp3,0,47
ill Ashton's'Much Too Much,https://mtkdata.cambridgemusictechnology.co.uk/MTK005/SelwynJazz_MuchTooMuch_Full.zip,516 MB,15,https://previews.cambridge-mt.com/MuchTooMuch_Full_Preview.mp3,0,48
Copper,https://mtkdata.cambridgemusictechnology.co.uk/MTK007/SimonLyn_Copper_Full.zip,349 MB,26,https://previews.cambridge-mt.com/Copper_Full_Preview.mp3,0,49
Christmas Blues,https://mtkdata.cambridgemusictechnology.co.uk/MTK009/Spektakulatius_ChristmasBlues_Full.zip,238 MB,11,https://previews.cambridge-mt.com/ChristmasBlues_Full_Preview.mp3,0,50
Jeden Winter,https://mtkdata.cambridgemusictechnology.co.uk/MTK009/Spektakulatius_JedenWinter_Full.zip,146 MB,9,https://previews.cambridge-mt.com/JedenWinter_Full_Preview.mp3,0,50
What Child Is This,https://mtkdata.cambridgemusictechnology.co.uk/MTK009/Spektakulatius_WhatChildIsThis_Full.zip,251 MB,16,https://previews.cambridge-mt.com/WhatChildIsThis_Full_Preview.mp3,0,50
Is You Is Or Is You Ain't,https://mtkdata.cambridgemusictechnology.co.uk/MTK009/Spektakulatius_IsYouIsOrIsYouAint_Full.zip,243 MB,10,https://previews.cambridge-mt.com/IsYouIsOrIsYouAint_Full_Preview.mp3,0,50
Our Love Is Here To Stay,https://mtkdata.cambridgemusictechnology.co.uk/MTK009/Spektakulatius_OurLoveIsHereToStay_Full.zip,296 MB,10,https://previews.cambridge-mt.com/OurLoveIsHereToStay_Full_Preview.mp3,0,50
Wayfaring Stranger,https://mtkdata.cambridgemusictechnology.co.uk/MTK009/Spektakulatius_WayfaringStranger_Full.zip,336 MB,9,https://previews.cambridge-mt.com/WayfaringStranger_Full_Preview.mp3,0,50
Fleche D'Or,https://multitracks.cambridge-mt.com/SwingBazar_FlecheDOr_Full.zip,215 MB,8,https://previews.cambridge-mt.com/FlecheDOr_Full_Preview.mp3,0,51
The Road Ahead,https://mtkdata.cambridgemusictechnology.co.uk/MTK002/MR0904_TimoCarlier_Full.zip,170 MB,9,https://previews.cambridge-mt.com/0904_Remix.mp3,0,52
Directions,https://mtkdata.cambridgemusictechnology.co.uk/MTK006/MR1304_TomMcKenzie_Full.zip,290 MB,31,https://previews.cambridge-mt.com/1304_Remix.mp3,0,53
Who I Am,https://mtkdata.cambridgemusictechnology.co.uk/Telefunken/UncleDad_WhoIAm_Full.zip,627 MB,32,https://previews.cambridge-mt.com/WhoIAm_Full_Preview.mp3,0,54
Arto,https://multitracks.cambridge-mt.com/UTGandhi_Arto_Full.zip,326 MB,11,https://previews.cambridge-mt.com/Arto_Full_Preview.mp3,0,55
Cog In The Machine,http://puremix.net/video/othering/events/gearfest-2011-tracking-1-6-bass-drum.html,752 MB,13,https://previews.cambridge-mt.com/CogInTheMachine_Full_Preview.mp3,0,56
Lament,https://mtkdata.cambridgemusictechnology.co.uk/MTK001/MR1108_WolfsHeadAndVixen_Full.zip,130 MB,12,https://previews.cambridge-mt.com/1108_Remix.mp3,0,57
Tell Me Nice,https://multitracks.cambridge-mt.com/WovenHollow_TellMeNice_Full.zip,91 MB,18,https://previews.cambridge-mt.com/TellMeNice_Full_Preview.mp3,0,58
Air,https://mtkdata.cambridgemusictechnology.co.uk/MTK011/Zwiepack_Air_Full.zip,193 MB,8,https://previews.cambridge-mt.com/Air_Full_Preview.mp3,0,59
Summertime,https://mtkdata.cambridgemusictechnology.co.uk/MTK011/Zwiepack_Summertime_Full.zip,214 MB,10,https://previews.cambridge-mt.com/Summertime_Full_Preview.mp3,0,59
Ubiquitous,https://multitracks.cambridge-mt.com/AlbertKader_Ubiquitous_Full.zip,520 MB,11,https://previews.cambridge-mt.com/Ubiquitous_Full_Preview.mp3,1,60
Whiptails,https://multitracks.cambridge-mt.com/AlbertKader_Whiptails_Full.zip,366 MB,15,https://previews.cambridge-mt.com/Whiptails_Full_Preview.mp3,1,60
Heart Peripheral,https://mtkdata.cambridgemusictechnology.co.uk/MTK003/AMContra_HeartPeripheral_Full.zip,275 MB,32,https://previews.cambridge-mt.com/HeartPeripheral_Full_Preview.mp3,1,61
Amalgamize,https://mtkdata.cambridgemusictechnology.co.uk/MTK004/APZX_Amalgamize_Full.zip,577 MB,27,https://previews.cambridge-mt.com/Amalgamize_Full_Preview.mp3,1,62
Cyber Mower,https://mtkdata.cambridgemusictechnology.co.uk/MTK004/APZX_CyberMower_Full.zip,331 MB,37,https://previews.cambridge-mt.com/CyberMower_Full_Preview.mp3,1,62
From Earth To Planet Omega,https://mtkdata.cambridgemusictechnology.co.uk/MTK004/APZX_FromEarthToPlanetOmega_Full.zip,921 MB,60,https://previews.cambridge-mt.com/FromEarthToPlanetOmega_Full_Preview.mp3,1,62
Lacuna,https://mtkdata.cambridgemusictechnology.co.uk/MTK004/APZX_Lacuna_Full.zip,652 MB,38,https://previews.cambridge-mt.com/Lacuna_Full_Preview.mp3,1,62
Transcention,https://mtkdata.cambridgemusictechnology.co.uk/MTK004/APZX_Transcention_Full.zip,138 MB,26,https://previews.cambridge-mt.com/Transcention_Full_Preview.mp3,1,62
Fly High,https://mtkdata.cambridgemusictechnology.co.uk/MTK016/AronJaeger_FlyHigh_Full.zip,301 MB,31,https://previews.cambridge-mt.com/FlyHigh_Full_Preview.mp3,1,63
Aiguille Rouge,https://multitracks.cambridge-mt.com/BabeGrand_AiguilleRouge_Full.zip,606 MB,28,https://previews.cambridge-mt.com/AiguilleRouge_Full_Preview.mp3,1,64
King Of The Weekend,https://multitracks.cambridge-mt.com/BabeGrand_KingOfTheWeekend_Full.zip,435 MB,30,https://previews.cambridge-mt.com/KingOfTheWeekend_Full_Preview.mp3,1,64
Downtempo,https://mtkdata.cambridgemusictechnology.co.uk/MTK009/Bravestar_Downtempo_Full.zip,293 MB,26,https://previews.cambridge-mt.com/Downtempo_Full_Preview.mp3,1,65
Mathematician,https://mtkdata.cambridgemusictechnology.co.uk/MTK005/cfx_Mathematician_Full.zip,294 MB,19,https://previews.cambridge-mt.com/Mathematician_Full_Preview.mp3,1,66
Do Not Stand,https://multitracks.cambridge-mt.com/CarolDant_DoNotStand_Full.zip,99 MB,7,https://previews.cambridge-mt.com/DoNotStand_Full_Preview.mp3,1,67
I Am The Desert,https://multitracks.cambridge-mt.com/CarolDant_IAmTheDesert_Full.zip,529 MB,20,https://previews.cambridge-mt.com/IAmTheDesert_Full_Preview.mp3,1,67
Celebrate,https://mtkdata.cambridgemusictechnology.co.uk/MTK001/MR0905_ChrisDurban_Full.zip,652 MB,30,https://previews.cambridge-mt.com/0905_Remix.mp3,1,68
Another Way,https://mtkdata.cambridgemusictechnology.co.uk/MTK015/cryonicPAX_AnotherWay_Full.zip,260 MB,24,https://previews.cambridge-mt.com/AnotherWay_Full_Preview.mp3,1,69
Excessive,https://mtkdata.cambridgemusictechnology.co.uk/MTK015/cryonicPAX_Excessive_Full.zip,195 MB,18,https://previews.cambridge-mt.com/Excessive_Full_Preview.mp3,1,69
Hold Me,https://mtkdata.cambridgemusictechnology.co.uk/MTK015/cryonicPAX_HoldMe_Full.zip,188 MB,23,https://previews.cambridge-mt.com/HoldMe_Full_Preview.mp3,1,69
Melancholy,https://mtkdata.cambridgemusictechnology.co.uk/MTK015/cryonicPAX_Melancholy_Full.zip,232 MB,18,https://previews.cambridge-mt.com/Melancholy_Full_Preview.mp3,1,69
Echoes,https://multitracks.cambridge-mt.com/Fin_Echoes_Full.zip,342 MB,17,https://previews.cambridge-mt.com/Echoes_Full_Preview.mp3,1,70
Spaces,https://multitracks.cambridge-mt.com/FranciscoPerez_Spaces_Full.zip,225 MB,18,https://previews.cambridge-mt.com/Spaces_Full_Preview.mp3,1,71
Horizon,https://multitracks.cambridge-mt.com/Galias_Horizon_Full.zip,363 MB,20,https://previews.cambridge-mt.com/Horizon_Full_Preview.mp3,1,72
Siren,https://mtkdata.cambridgemusictechnology.co.uk/MTK002/GeorgiaWonder_Siren_Full.zip,1030 MB,59,https://previews.cambridge-mt.com/Siren_Full_Preview.mp3,1,73
We Feel Alright,https://mtkdata.cambridgemusictechnology.co.uk/MTK001/MR1011_GirlsUnderGlass_Full.zip,571 MB,19,https://previews.cambridge-mt.com/1011_Remix.mp3,1,74
Ancora Qui,https://multitracks.cambridge-mt.com/Guarna_AncoraQui_Full.zip,390 MB,44,https://previews.cambridge-mt.com/AncoraQui_Full_Preview.mp3,1,75
Terania Creek Walking,https://multitracks.cambridge-mt.com/IanDearden_TeraniaCreekWalking_Full.zip,122 MB,19,https://previews.cambridge-mt.com/TeraniaCreekWalking_Full_Preview.mp3,1,76
Thursday Reverie,https://multitracks.cambridge-mt.com/IanDearden_ThursdayReverie_Full.zip,157 MB,6,https://previews.cambridge-mt.com/ThursdayReverie_Full_Preview.mp3,1,76
September Trance,https://mtkdata.cambridgemusictechnology.co.uk/MTK015/J0K3R_SeptemberTrance_Full.zip,451 MB,18,https://previews.cambridge-mt.com/SeptemberTrance_Full_Preview.mp3,1,77
Machines On Treadmills,https://multitracks.cambridge-mt.com/JamesFabio_MachinesOnTreadmills_Full.zip,339 MB,17,https://previews.cambridge-mt.com/MachinesOnTreadmills_Full_Preview.mp3,1,78
Asiza,https://mtkdata.cambridgemusictechnology.co.uk/MTK015/JohnAArdelli_Asiza_Full.zip,731 MB,25,https://previews.cambridge-mt.com/Asiza_Full_Preview.mp3,1,79
Chardonnay,https://mtkdata.cambridgemusictechnology.co.uk/MTK014/JPLantieri_Chardonnay_Full.zip,814 MB,14,https://previews.cambridge-mt.com/Chardonnay_Full_Preview.mp3,1,80
Chardonnay (Lektrix Remix),https://mtkdata.cambridgemusictechnology.co.uk/MTK014/JPLantieri_ChardonnayLektrixRemix_Full.zip,324 MB,15,https://previews.cambridge-mt.com/ChardonnayLektrixRemix_Full_Preview.mp3,1,80
Chardonnay (Mystik Vibe Remix),https://mtkdata.cambridgemusictechnology.co.uk/MTK014/JPLantieri_ChardonnayMystikVibeRemix_Full.zip,704 MB,14,https://previews.cambridge-mt.com/ChardonnayMystikVibeRemix_Full_Preview.mp3,1,80
Chardonnay (Ornery Remix),https://mtkdata.cambridgemusictechnology.co.uk/MTK014/JPLantieri_ChardonnayOrneryRemix_Full.zip,837 MB,29,https://previews.cambridge-mt.com/ChardonnayOrneryRemix_Full_Preview.mp3,1,80
Riesling,https://mtkdata.cambridgemusictechnology.co.uk/MTK014/JPLantieri_Riesling_Full_1.zip,836 MB,79,https://previews.cambridge-mt.com/Riesling_Full_Preview.mp3,1,80
Heartbeats,https://mtkdata.cambridgemusictechnology.co.uk/MTK006/JulietsRescue_Heartbeats_Full.zip,668 MB,45,https://previews.cambridge-mt.com/Heartbeats_Full_Preview.mp3,1,81
Got Your Love,https://multitracks.cambridge-mt.com/KarlHungus_GotYourLove_Full.zip,328 MB,71,https://previews.cambridge-mt.com/GotYourLove_Full_Preview.mp3,1,82
Sandstorm,https://multitracks.cambridge-mt.com/Ludo_Sandstorm_Full.zip,333 MB,63,https://previews.cambridge-mt.com/Sandstorm_Full_Preview.mp3,1,83
Light It Up (Remix),http://www.puremix.net/zelab-mixing-contest/zelab-session-39-major-lazer.html,155 MB,29,https://previews.cambridge-mt.com/LightItUp_Full_Preview.mp3,1,84
Cruising The Ice,https://mtkdata.cambridgemusictechnology.co.uk/MTK004/MountaineeringClubOrchestra_CruisingTheIce_Full.zip,363 MB,19,https://previews.cambridge-mt.com/CruisingTheIce_Full_Preview.mp3,1,85
Too Bright,https://mtkdata.cambridgemusictechnology.co.uk/MTK009/Mu_TooBright_Full.zip,375 MB,32,https://previews.cambridge-mt.com/TooBright_Full_Preview.mp3,1,86
Shela Ya Marhaba,https://multitracks.cambridge-mt.com/MustafaAlbazy_ShelaYaMarhaba_Full.zip,514 MB,36,https://previews.cambridge-mt.com/ShelaYaMarhaba_Full_Preview.mp3,1,87
Tgheer,https://multitracks.cambridge-mt.com/MustafaAlbazy_Tgheer_Full.zip,559 MB,32,https://previews.cambridge-mt.com/Tgheer_Full_Preview.mp3,1,87
Steampunk Siege,https://mtkdata.cambridgemusictechnology.co.uk/MTK010/NahumStrickland_SteampunkSiege_Full.zip,142 MB,21,https://previews.cambridge-mt.com/SteampunkSiege_Full_Preview.mp3,1,88
Slapback,https://multitracks.cambridge-mt.com/Nervbloc_Slapback_Full.zip,435 MB,27,https://previews.cambridge-mt.com/Slapback_Full_Preview.mp3,1,89
Escape Of The Hopping Rhinos,https://multitracks.cambridge-mt.com/Nominal6_EscapeOfTheHoppingRhinos_Full.zip,150 MB,14,https://previews.cambridge-mt.com/EscapeOfTheHoppingRhinos_Full_Preview.mp3,1,90
Russian Bot,https://multitracks.cambridge-mt.com/OctopusOnFire_RussianBot_Full.zip,963 MB,49,https://previews.cambridge-mt.com/RussianBot_Full_Preview.mp3,1,91
Oral Hygiene,https://mtkdata.cambridgemusictechnology.co.uk/MTK002/MR0907_Punkdisco_Full.zip,186 MB,30,https://previews.cambridge-mt.com/0907_Remix.mp3,1,92
Just Let It Go,https://multitracks.cambridge-mt.com/Rattletree_JustLetItGo_Full.zip,1434 MB,75,https://previews.cambridge-mt.com/JustLetItGo_Full_Preview.mp3,1,93
Anomalous Weeping,https://mtkdata.cambridgemusictechnology.co.uk/MTK007/Skelpolu_AnomalousWeeping_Full.zip,521 MB,12,https://previews.cambridge-mt.com/AnomalousWeeping_Full_Preview.mp3,1,94
Cold Strive,https://mtkdata.cambridgemusictechnology.co.uk/MTK007/Skelpolu_ColdStrive_Full.zip,654 MB,15,https://previews.cambridge-mt.com/ColdStrive_Full_Preview.mp3,1,94
Entwine,https://mtkdata.cambridgemusictechnology.co.uk/MTK007/Skelpolu_Entwine_Full.zip,472 MB,13,https://previews.cambridge-mt.com/Entwine_Full_Preview.mp3,1,94
Human Mistakes,https://mtkdata.cambridgemusictechnology.co.uk/MTK007/Skelpolu_HumanMistakes_Full.zip,322 MB,14,https://previews.cambridge-mt.com/HumanMistakes_Full_Preview.mp3,1,94
Long Road,https://mtkdata.cambridgemusictechnology.co.uk/MTK007/Skelpolu_LongRoad_Full.zip,408 MB,17,https://previews.cambridge-mt.com/LongRoad_Full_Preview.mp3,1,94
Resurrection Resurrected,https://mtkdata.cambridgemusictechnology.co.uk/MTK007/Skelpolu_Resurrection_Full.zip,427 MB,15,https://previews.cambridge-mt.com/ResurrectionResurrected_Full_Preview.mp3,1,94
Together Alone,https://mtkdata.cambridgemusictechnology.co.uk/MTK007/Skelpolu_TogetherAlone_Full.zip,374 MB,16,https://previews.cambridge-mt.com/TogetherAlone_Full_Preview.mp3,1,94
Broken Man,https://mtkdata.cambridgemusictechnology.co.uk/MTK006/SpeakSoftly_BrokenMan_Full.zip,223 MB,17,https://previews.cambridge-mt.com/BrokenMan_Full_Preview.mp3,1,95
Like Horses,https://mtkdata.cambridgemusictechnology.co.uk/MTK006/SpeakSoftly_LikeHorses_Full.zip,323 MB,30,https://previews.cambridge-mt.com/LikeHorses_Full_Preview.mp3,1,95
North Is False,https://mtkdata.cambridgemusictechnology.co.uk/MTK006/SpeakSoftly_NorthIsFalse_Full.zip,162 MB,15,https://previews.cambridge-mt.com/NorthIsFalse_Full_Preview.mp3,1,95
Stalker,https://mtkdata.cambridgemusictechnology.co.uk/MTK006/TimTaler_Stalker_Full.zip,277 MB,46,https://previews.cambridge-mt.com/Stalker_Full_Preview.mp3,1,96
Devil's Words,https://mtkdata.cambridgemusictechnology.co.uk/MTK005/Actions_DevilsWords_Full.zip,290 MB,27,https://previews.cambridge-mt.com/DevilsWords_Full_Preview.mp3,2,97
One Minute Smile,https://mtkdata.cambridgemusictechnology.co.uk/MTK005/Actions_OneMinuteSmile_Full.zip,284 MB,23,https://previews.cambridge-mt.com/OneMinuteSmile_Full_Preview.mp3,2,97
South Of The Water,https://mtkdata.cambridgemusictechnology.co.uk/MTK005/Actions_SouthOfTheWater_Full.zip,279 MB,30,https://previews.cambridge-mt.com/SouthOfTheWater_Full_Preview.mp3,2,97
Drag me Down,https://mtkdata.cambridgemusictechnology.co.uk/MTK016/AdamBuckley_DragMeDown_Full.zip,517 MB,50,https://previews.cambridge-mt.com/DragMeDown_Full_Preview.mp3,2,98
Ae Mere Humsafar,https://mtkdata.cambridgemusictechnology.co.uk/MTK016/AjayNagarkotiAndVibhuDixit_AeMereHumsafar_Full.zip,390 MB,22,https://previews.cambridge-mt.com/AeMereHumsafar_Full_Preview.mp3,2,99
Schoolboy Fascination,https://mtkdata.cambridgemusictechnology.co.uk/MTK003/MR0908_AlJames_Full.zip,557 MB,62,https://previews.cambridge-mt.com/0908_Remix.mp3,2,100
Howlin,http://www.puremix.net/zelab-mixing-contest/zelab-session-5-howlin.html,766 MB,90,https://previews.cambridge-mt.com/Howlin_Full_Preview.mp3,2,101
Rescue Me,https://mtkdata.cambridgemusictechnology.co.uk/Telefunken/AmyHelmAndTheHandsomeStrangers_RescueMe_Full.zip,653 MB,18,https://previews.cambridge-mt.com/RescueMe_Full_Preview.mp3,2,102
This Town,https://multitracks.cambridge-mt.com/AngeloBoltini_ThisTown_Full.zip,1297 MB,76,https://previews.cambridge-mt.com/ThisTown_Full_Preview.mp3,2,103
Loser,https://multitracks.cambridge-mt.com/AsWeAre_Loser_Full.zip,208 MB,35,https://previews.cambridge-mt.com/Loser_Full_Preview.mp3,2,104
It Was My Fault For Waiting,https://mtkdata.cambridgemusictechnology.co.uk/MTK009/AtlantisBound_ItWasMyFaultForWaiting_Full.zip,668 MB,44,https://previews.cambridge-mt.com/ItWasMyFaultForWaiting_Full_Preview.mp3,2,105
Mouche,http://www.puremix.net/zelab-mixing-contest/zelab-session-7-mouche.html,652 MB,50,https://previews.cambridge-mt.com/Mouche_Full_Preview.mp3,2,106
Dream State (feat. Flora Lin),https://multitracks.cambridge-mt.com/BaumXmedia_DreamState_Full.zip,345 MB,36,https://previews.cambridge-mt.com/DreamState_Full_Preview.mp3,2,107
Koishii (feat. N.I.A.),https://multitracks.cambridge-mt.com/BaumXmedia_Koishii_Full.zip,365 MB,48,https://previews.cambridge-mt.com/Koishii_Full_Preview.mp3,2,107
Hey Carrie Anne,https://mtkdata.cambridgemusictechnology.co.uk/MTK008/BenCarrigan_HeyCarrieAnne_Full.zip,223 MB,24,https://previews.cambridge-mt.com/HeyCarrieAnne_Full_Preview.mp3,2,108
We'll Talk About It All Tonight,https://mtkdata.cambridgemusictechnology.co.uk/MTK008/BenCarrigan_WellTalkAboutItAllTonight_Full.zip,586 MB,51,https://previews.cambridge-mt.com/WellTalkAboutItAllTonight_Full_Preview.mp3,2,108
Better Way,https://multitracks.cambridge-mt.com/BenjaminJohn_BetterWay_Full.zip,262 MB,46,https://previews.cambridge-mt.com/BetterWay_Full_Preview.mp3,2,109
"Kak Tvoi Dela, Vova?",https://mtkdata.cambridgemusictechnology.co.uk/MTK010/Bruks_KakTvoiDelaVova_Full.zip,695 MB,27,https://previews.cambridge-mt.com/KakTvoiDelaVova_Full_Preview.mp3,2,110
A Place For Us,https://mtkdata.cambridgemusictechnology.co.uk/MTK007/CarlosGonzalez_APlaceForUs_Full.zip,682 MB,69,https://previews.cambridge-mt.com/APlaceForUs_Full_Preview.mp3,2,111
Guerra Alla Frontiera,https://multitracks.cambridge-mt.com/Cunegonda_GuerraAllaFrontiera_Full.zip,249 MB,25,https://previews.cambridge-mt.com/GuerraAllaFrontiera_Full_Preview.mp3,2,112
It's So Easy To Love You,https://multitracks.cambridge-mt.com/DavidTyo_ItsSoEasyToLoveYou_Full.zip,311 MB,29,https://previews.cambridge-mt.com/ItsSoEasyToLoveYou_Full_Preview.mp3,2,113
Long Way Home,https://multitracks.cambridge-mt.com/DavidTyo_LongWayHome_Full.zip,523 MB,28,https://previews.cambridge-mt.com/LongWayHome_Full_Preview.mp3,2,113
Never Ebb But Flow,https://multitracks.cambridge-mt.com/DavidTyo_NeverEbbButflow_Full.zip,443 MB,54,https://previews.cambridge-mt.com/NeverEbbButflow_Full_Preview.mp3,2,113
"Oh, Life",https://multitracks.cambridge-mt.com/DavidTyo_OhLife_Full.zip,235 MB,24,https://previews.cambridge-mt.com/OhLife_Full_Preview.mp3,2,113
Electrvm,https://multitracks.cambridge-mt.com/DigitalHumans_Electrvm_Full.zip,381 MB,56,https://previews.cambridge-mt.com/Electrvm_Full_Preview.mp3,2,114
Relentlessly,https://multitracks.cambridge-mt.com/DigitalHumans_Relentlessly_Full.zip,281 MB,44,https://previews.cambridge-mt.com/Relentlessly_Full_Preview.mp3,2,114
Muddy Water,https://multitracks.cambridge-mt.com/DorotheaWessel_MuddyWater_Full.zip,687 MB,58,https://previews.cambridge-mt.com/MuddyWater_Full_Preview.mp3,2,115
Ghost Bitch,https://mtkdata.cambridgemusictechnology.co.uk/MTK008/Drumtracks_GhostBitch_Full.zip,573 MB,25,https://previews.cambridge-mt.com/GhostBitch_Full_Preview.mp3,2,116
Big Man's Death,https://mtkdata.cambridgemusictechnology.co.uk/MTK017/EduardSemenov_BigMansDeath_Full.zip,185 MB,17,https://previews.cambridge-mt.com/BigMansDeath_Full_Preview.mp3,2,117
River Of The White Gloom,https://multitracks.cambridge-mt.com/EduardSemenov_RiverOfTheWhiteGloom_Full.zip,163 MB,14,https://previews.cambridge-mt.com/RiverOfTheWhiteGloom_Full_Preview.mp3,2,117
Echo (feat. Analise Rios),https://mtkdata.cambridgemusictechnology.co.uk/MTK015/EJRios_Echo_Full.zip,333 MB,63,https://previews.cambridge-mt.com/Echo_Full_Preview.mp3,2,118
Same Kind Of Life,https://mtkdata.cambridgemusictechnology.co.uk/MTK016/Finlay_SameKindOfLife_Full.zip,339 MB,20,https://previews.cambridge-mt.com/SameKindOfLife_Full_Preview.mp3,2,119
Not Alone,https://archive.org/details/FredyVNotAlone,3900 MB,26,https://previews.cambridge-mt.com/NotAlone_Full_Preview.mp3,2,120
You & Me & The Radio,https://mtkdata.cambridgemusictechnology.co.uk/Telefunken/HumanRadio_YouMeAndTheRadio_Full.zip,739 MB,34,https://previews.cambridge-mt.com/YouAndMeAndTheRadio_Full_Preview.mp3,2,121
Funkkihillo,https://mtkdata.cambridgemusictechnology.co.uk/MTK015/IlmariKontia_Funkkihillo_Full.zip,213 MB,34,https://previews.cambridge-mt.com/Funkkihillo_Full_Preview.mp3,2,122
The English Actor,https://mtkdata.cambridgemusictechnology.co.uk/MTK001/MR0902_JamesElder_Full.zip,360 MB,20,https://previews.cambridge-mt.com/0902_Remix.mp3,2,123
Through My Eyes,https://mtkdata.cambridgemusictechnology.co.uk/MTK005/MR1001_JayMenon_Full.zip,357 MB,23,https://previews.cambridge-mt.com/1001_Remix.mp3,2,124
Never Stop,https://mtkdata.cambridgemusictechnology.co.uk/MTK010/JulesKing_NeverStop_Full.zip,489 MB,41,https://previews.cambridge-mt.com/NeverStop_Full_Preview.mp3,2,125
By My Side,https://mtkdata.cambridgemusictechnology.co.uk/Telefunken/KatWright_ByMySide_Full.zip,713 MB,24,https://previews.cambridge-mt.com/ByMySide_Full_Preview.mp3,2,126
Contact,https://mtkdata.cambridgemusictechnology.co.uk/Telefunken/KatWright_Contact_Full.zip,925 MB,21,https://previews.cambridge-mt.com/Contact_Full_Preview.mp3,2,126
Afterglow,https://mtkdata.cambridgemusictechnology.co.uk/MTK010/KeystoneAngel_Afterglow_Full.zip,345 MB,31,https://previews.cambridge-mt.com/Afterglow_Full_Preview.mp3,2,127
Come Around,https://mtkdata.cambridgemusictechnology.co.uk/MTK007/MR0702_Leaf_Full.zip,155 MB,27,https://previews.cambridge-mt.com/0702_Remix.mp3,2,128
Summerghost,https://mtkdata.cambridgemusictechnology.co.uk/MTK007/Leaf_Summerghost_Full.zip,228 MB,28,https://previews.cambridge-mt.com/Summerghost_Full_Preview.mp3,2,128
Wicked,https://mtkdata.cambridgemusictechnology.co.uk/MTK007/Leaf_Wicked_Full.zip,221 MB,26,https://previews.cambridge-mt.com/Wicked_Full_Preview.mp3,2,128
Catching Up,https://mtkdata.cambridgemusictechnology.co.uk/MTK007/LyndseyOllard_CatchingUp_Full.zip,675 MB,49,https://previews.cambridge-mt.com/CatchingUp_Full_Preview.mp3,2,129
Sorry,https://multitracks.cambridge-mt.com/MattiasSkantze_Sorry_Full.zip,423 MB,31,https://previews.cambridge-mt.com/Sorry_Full_Preview.mp3,2,130
Encanto Tropical,http://www.puremix.net/zelab-mixing-contest/zelab-session-35-monsieur-perine.html,661 MB,10,https://previews.cambridge-mt.com/EncantoTropical_Full_Preview.mp3,2,131
Big Dummy Shake,https://mtkdata.cambridgemusictechnology.co.uk/MTK002/MR0903_Moosmusic_Full.zip,220 MB,34,https://previews.cambridge-mt.com/0903_Remix.mp3,2,132
Pure Luxury,http://www.puremix.net/zelab-mixing-contest/zelab-session-41-nzca-lines.html,1124 MB,121,https://previews.cambridge-mt.com/PureLuxury_Full_Preview.mp3,2,133
El Marinero,https://multitracks.cambridge-mt.com/PlanCaliente_ElMarinero_Full.zip,163 MB,32,https://previews.cambridge-mt.com/ElMarinero_Full_Preview.mp3,2,134
Tiring,https://mtkdata.cambridgemusictechnology.co.uk/MTK009/RaftMonk_Tiring_Full.zip,729 MB,36,https://previews.cambridge-mt.com/Tiring_Full_Preview.mp3,2,135
Crazy For Me,https://multitracks.cambridge-mt.com/RandomSomebody_CrazyForMe_Full.zip,385 MB,19,https://previews.cambridge-mt.com/CrazyForMe_Full_Preview.mp3,2,136
C U Next Time,https://mtkdata.cambridgemusictechnology.co.uk/MTK006/RememberDecember_CUNextTime_Full.zip,446 MB,30,https://previews.cambridge-mt.com/CUNextTime_Full_Preview.mp3,2,137
Don't Put Me On Hold,https://mtkdata.cambridgemusictechnology.co.uk/Telefunken/RememberJones_DontPutMeOnHold_Full.zip,683 MB,23,https://previews.cambridge-mt.com/DontPutMeOnHold_Full_Preview.mp3,2,138
Dream No. 12,https://multitracks.cambridge-mt.com/RicardoSantiago_DreamNo12_Full.zip,374 MB,27,https://previews.cambridge-mt.com/DreamNo12_Full_Preview.mp3,2,139
Let The Music Fade Away,https://multitracks.cambridge-mt.com/RicardoSantiago_LetTheMusicFadeAway_Full.zip,432 MB,25,https://previews.cambridge-mt.com/LetTheMusicFadeAway_Full_Preview.mp3,2,139
Why Don't You Stay,https://multitracks.cambridge-mt.com/RonnieJones_WhyDontYouStay_Full.zip,751 MB,45,https://previews.cambridge-mt.com/WhyDontYouStay_Full_Preview.mp3,2,140
Carousel Ride,https://mtkdata.cambridgemusictechnology.co.uk/Telefunken/Rubblebucket_CarouselRide_Full.zip,279 MB,9,https://previews.cambridge-mt.com/CarouselRide_Full_Preview.mp3,2,141
Kaathaadi,https://mtkdata.cambridgemusictechnology.co.uk/MTK003/MR1202_SambasevamShanmugam_Full.zip,294 MB,39,https://previews.cambridge-mt.com/1202_Remix.mp3,2,142
What Have You Done To Me,https://mtkdata.cambridgemusictechnology.co.uk/MTK001/MR1107_SigneJakobsen_Full.zip,266 MB,35,https://previews.cambridge-mt.com/1107_Remix.mp3,2,143
Learning How To Fly,https://multitracks.cambridge-mt.com/Silona_LearningHowToFly_Full.zip,1373 MB,83,https://previews.cambridge-mt.com/LearningHowToFly_Full_Preview.mp3,2,144
Prodigal,https://multitracks.cambridge-mt.com/StarnesAndShah_Prodigal_Full.zip,241 MB,19,https://previews.cambridge-mt.com/Prodigal_Full_Preview.mp3,2,145
Gone,https://multitracks.cambridge-mt.com/Strobe_Gone_Full.zip,466 MB,42,https://previews.cambridge-mt.com/Gone_Full_Preview.mp3,2,146
Maya,https://multitracks.cambridge-mt.com/Strobe_Maya_Full.zip,435 MB,30,https://previews.cambridge-mt.com/Maya_Full_Preview.mp3,2,146
Word Gets Around,https://mtkdata.cambridgemusictechnology.co.uk/MTK002/MR0811_StVitus_Full.zip,169 MB,12,https://previews.cambridge-mt.com/0811_Remix.mp3,2,147
Spirit Cold,https://mtkdata.cambridgemusictechnology.co.uk/Telefunken/TallHeights_SpiritCold_Full.zip,374 MB,9,https://previews.cambridge-mt.com/SpiritCold_Full_Preview.mp3,2,148
Convertible,https://multitracks.cambridge-mt.com/TedBehrman_Convertible_Full.zip,475 MB,30,https://previews.cambridge-mt.com/Convertible_Full_Preview.mp3,2,149
Just Don't Talk,https://multitracks.cambridge-mt.com/TimoAndTheTimezone_JustDontTalk_Full.zip,205 MB,27,https://previews.cambridge-mt.com/JustDontTalk_Full_Preview.mp3,2,150
Window,https://mtkdata.cambridgemusictechnology.co.uk/MTK010/TrickBird_Window_Full.zip,254 MB,38,https://previews.cambridge-mt.com/Window_Full_Preview.mp3,2,151
Widow (feat. The Fiend),https://mtkdata.cambridgemusictechnology.co.uk/MTK004/Triviul_Widow_Full.zip,313 MB,36,https://previews.cambridge-mt.com/Widow_Full_Preview.mp3,2,152
Alright?,https://mtkdata.cambridgemusictechnology.co.uk/MTK004/Triviul_Alright_Full.zip,240 MB,16,https://previews.cambridge-mt.com/Alright_Full_Preview.mp3,2,152
Angelsaint,https://mtkdata.cambridgemusictechnology.co.uk/MTK004/Triviul_Angelsaint_Full.zip,285 MB,14,https://previews.cambridge-mt.com/Angelsaint_Full_Preview.mp3,2,152
Better?,https://mtkdata.cambridgemusictechnology.co.uk/MTK004/Triviul_Better_Full.zip,286 MB,28,https://previews.cambridge-mt.com/Better_Full_Preview.mp3,2,152
Dorothy,https://mtkdata.cambridgemusictechnology.co.uk/MTK004/Triviul_Dorothy_Full.zip,171 MB,19,https://previews.cambridge-mt.com/Dorothy_Full_Preview.mp3,2,152
Gimme,https://mtkdata.cambridgemusictechnology.co.uk/MTK004/Triviul_Gimme_Full.zip,199 MB,16,https://previews.cambridge-mt.com/Gimme_Full_Preview.mp3,2,152
To Sam Rawfers,https://mtkdata.cambridgemusictechnology.co.uk/MTK004/Triviul_ToSamRawfers_Full.zip,244 MB,16,https://previews.cambridge-mt.com/ToSamRawfers_Full_Preview.mp3,2,152
Another Day Calling,https://mtkdata.cambridgemusictechnology.co.uk/MTK010/TurnBackToSpring_AnotherDayCalling_Full.zip,544 MB,42,https://previews.cambridge-mt.com/AnotherDayCalling_Full_Preview.mp3,2,153
Rothko,https://mtkdata.cambridgemusictechnology.co.uk/MTK006/MR1303_WrongUns_Full.zip,236 MB,13,https://previews.cambridge-mt.com/1303_Remix.mp3,2,154
Boat Ride,https://multitracks.cambridge-mt.com/AlanMansfieldAndJohnPritchard_BoatRide_Full.zip,865 MB,55,https://previews.cambridge-mt.com/BoatRide_Full_Preview.mp3,3,155
Run Run Run,https://mtkdata.cambridgemusictechnology.co.uk/MTK003/MR1111_Arise_Full.zip,452 MB,22,https://previews.cambridge-mt.com/1111_Remix.mp3,3,156
All I Know,https://mtkdata.cambridgemusictechnology.co.uk/MTK010/Avalon_AllIKnow_Full.zip,553 MB,19,https://previews.cambridge-mt.com/AllIKnow_Full_Preview.mp3,3,157
Black Out Betty,https://mtkdata.cambridgemusictechnology.co.uk/MTK005/BannedFromTheZoo_BlackOutBetty_Full.zip,497 MB,25,https://previews.cambridge-mt.com/BlackOutBetty_Full_Preview.mp3,3,158
Encore,https://mtkdata.cambridgemusictechnology.co.uk/MTK005/BannedFromTheZoo_Encore_Full.zip,440 MB,16,https://previews.cambridge-mt.com/Encore_Full_Preview.mp3,3,158
Fish Tacos,https://mtkdata.cambridgemusictechnology.co.uk/MTK005/BannedFromTheZoo_FishTacos_Full.zip,479 MB,18,https://previews.cambridge-mt.com/FishTacos_Full_Preview.mp3,3,158
Turn On Me,https://mtkdata.cambridgemusictechnology.co.uk/MTK005/BannedFromTheZoo_TurnOnMe_Full.zip,443 MB,16,https://previews.cambridge-mt.com/TurnOnMe_Full_Preview.mp3,3,158
Hey Delilah,https://mtkdata.cambridgemusictechnology.co.uk/Telefunken/BigHeadToddAndTheMonsters_HeyDelilah_Full.zip,1000 MB,23,https://previews.cambridge-mt.com/HeyDelilah_Full_Preview.mp3,3,159
Contraband,https://mtkdata.cambridgemusictechnology.co.uk/Telefunken/BigMeanSoundMachine_Contraband_Full.zip,1200 MB,21,https://previews.cambridge-mt.com/Contraband_Full_Preview.mp3,3,160
Fragile Thoughts,https://mtkdata.cambridgemusictechnology.co.uk/MTK001/BigStoneCulture_FragileThoughts_Full.zip,160 MB,7,https://previews.cambridge-mt.com/FragileThoughts_Full_Preview.mp3,3,161
If You Want Success,https://mtkdata.cambridgemusictechnology.co.uk/MTK001/MR1004_BlackBloc_Full.zip,743 MB,30,https://previews.cambridge-mt.com/1004_Remix.mp3,3,162
Sugar,https://multitracks.cambridge-mt.com/BluesBastards_Sugar_Full.zip,637 MB,34,https://previews.cambridge-mt.com/Sugar_Full_Preview.mp3,3,163
Stitch Up,https://mtkdata.cambridgemusictechnology.co.uk/MTK003/MR0911_BobbyNobody_Full.zip,395 MB,44,https://previews.cambridge-mt.com/0911_Remix.mp3,3,164
It's My Right,https://mtkdata.cambridgemusictechnology.co.uk/MTK010/BoogieSnakes_ItsMyRight_Full.zip,472 MB,19,https://previews.cambridge-mt.com/ItsMyRight_Full_Preview.mp3,3,165
Morning Sickness,https://mtkdata.cambridgemusictechnology.co.uk/Telefunken/BosnianRainbows_MorningSickness_Full.zip,396 MB,10,https://previews.cambridge-mt.com/MorningSickness_Full_Preview.mp3,3,166
"Mister, Mister",https://mtkdata.cambridgemusictechnology.co.uk/Telefunken/BronzeRadioReturn_MisterMister_Full.zip,358 MB,23,https://previews.cambridge-mt.com/MisterMister_Full_Preview.mp3,3,167
Revo X,https://mtkdata.cambridgemusictechnology.co.uk/MTK007/Buitraker_RevoX_Full.zip,584 MB,31,https://previews.cambridge-mt.com/RevoX_Full_Preview.mp3,3,168
An Ultra Violet Apology,https://mtkdata.cambridgemusictechnology.co.uk/MTK008/ButterflyEffect_AnUltraVioletApology_Full.zip,216 MB,20,https://previews.cambridge-mt.com/AnUltraVioletApology_Full_Preview.mp3,3,169
Fairytale,https://mtkdata.cambridgemusictechnology.co.uk/MTK008/ButterflyEffect_Fairytale_Full.zip,250 MB,21,https://previews.cambridge-mt.com/Fairytale_Full_Preview.mp3,3,169
Preach Right Here,https://mtkdata.cambridgemusictechnology.co.uk/MTK008/ButterflyEffect_PreachRightHere_Full.zip,277 MB,26,https://previews.cambridge-mt.com/PreachRightHere_Full_Preview.mp3,3,169
Viviendo Del Reves,https://mtkdata.cambridgemusictechnology.co.uk/MTK015/CEFMallorcaGSSII_ViviendoDelReves_Full.zip,539 MB,37,https://previews.cambridge-mt.com/ViviendoDelReves_Full_Preview.mp3,3,170
21 Grams,https://mtkdata.cambridgemusictechnology.co.uk/MTK014/ColtonBenjamin_21Grams_Full.zip,195 MB,22,https://previews.cambridge-mt.com/21Grams_Full_Preview.mp3,3,171
Can't Let You Go,https://mtkdata.cambridgemusictechnology.co.uk/MTK014/ColtonBenjamin_CantLetYouGo_Full.zip,245 MB,26,https://previews.cambridge-mt.com/CantLetYouGo_Full_Preview.mp3,3,171
Sail Away,https://mtkdata.cambridgemusictechnology.co.uk/MTK014/ColtonBenjamin_SailAway_Full.zip,310 MB,24,https://previews.cambridge-mt.com/SailAway_Full_Preview.mp3,3,171
Rainy Day II,https://mtkdata.cambridgemusictechnology.co.uk/MTK015/CottonDrifting_RainyDayII_Full.zip,645 MB,35,https://previews.cambridge-mt.com/RainyDayII_Full_Preview.mp3,3,172
Walkie Talkie,https://mtkdata.cambridgemusictechnology.co.uk/MTK006/DetskySad_WalkieTalkie_Full.zip,171 MB,52,https://previews.cambridge-mt.com/WalkieTalkie_Full_Preview.mp3,3,173
Colour Me Red,https://multitracks.cambridge-mt.com/Diesel13_ColourMeRed_Full.zip,478 MB,55,https://previews.cambridge-mt.com/ColourMeRed_Full_Preview.mp3,3,174
Roar,https://mtkdata.cambridgemusictechnology.co.uk/MTK015/Diesel13_Roar_Full.zip,346 MB,29,https://previews.cambridge-mt.com/Roar_Full_Preview.mp3,3,174
Atrophy,https://mtkdata.cambridgemusictechnology.co.uk/MTK003/DopplerShift_Atrophy_Full.zip,903 MB,22,https://previews.cambridge-mt.com/Atrophy_Full_Preview.mp3,3,175
EnDance,https://mtkdata.cambridgemusictechnology.co.uk/MTK005/DunningKruger_EnDance_Full.zip,371 MB,25,https://previews.cambridge-mt.com/EnDance_Full_Preview.mp3,3,176
Japan Song,https://mtkdata.cambridgemusictechnology.co.uk/MTK005/DunningKruger_JapanSong_Full.zip,437 MB,30,https://previews.cambridge-mt.com/JapanSong_Full_Preview.mp3,3,176
Sascha,https://mtkdata.cambridgemusictechnology.co.uk/MTK005/DunningKruger_Sascha_Full.zip,566 MB,24,https://previews.cambridge-mt.com/Sascha_Full_Preview.mp3,3,176
The Last Elm,https://multitracks.cambridge-mt.com/EagerSails_TheLastElm_Full.zip,922 MB,61,https://previews.cambridge-mt.com/TheLastElm_Full_Preview.mp3,3,177
Two Bare Hands,https://mtkdata.cambridgemusictechnology.co.uk/Telefunken/EnterTheHaggis_TwoBareHands_Full.zip,414 MB,15,https://previews.cambridge-mt.com/TwoBareHands_Full_Preview.mp3,3,178
Passenger Side,https://mtkdata.cambridgemusictechnology.co.uk/Telefunken/EveningDarling_PassengerSide_Full.zip,749 MB,20,https://previews.cambridge-mt.com/PassengerSide_Full_Preview.mp3,3,179
Back From The Start,https://mtkdata.cambridgemusictechnology.co.uk/MTK006/Fergessen_BackFromTheStart_Full.zip,268 MB,23,https://previews.cambridge-mt.com/BackFromTheStart_Full_Preview.mp3,3,180
Nos Palpitants,https://mtkdata.cambridgemusictechnology.co.uk/MTK006/Fergessen_NosPalpitants_Full.zip,509 MB,23,https://previews.cambridge-mt.com/NosPalpitants_Full_Preview.mp3,3,180
The Wind,https://mtkdata.cambridgemusictechnology.co.uk/MTK006/Fergessen_TheWind_Full.zip,575 MB,31,https://previews.cambridge-mt.com/TheWind_Full_Preview.mp3,3,180
54,https://mtkdata.cambridgemusictechnology.co.uk/MTK001/MR1103_Flags_Full.zip,784 MB,63,https://previews.cambridge-mt.com/1103_Remix.mp3,3,181
Santa Fe,https://mtkdata.cambridgemusictechnology.co.uk/Telefunken/Fruition_SantaFe_Full.zip,526 MB,16,https://previews.cambridge-mt.com/SantaFe_Full_Preview.mp3,3,182
Ja Make Ya Dance,https://mtkdata.cambridgemusictechnology.co.uk/Telefunken/GhostNote_JaMakeYaDance_Full.zip,688 MB,18,https://previews.cambridge-mt.com/JaMakeYaDance_Full_Preview.mp3,3,183
Die Young,https://mtkdata.cambridgemusictechnology.co.uk/Telefunken/TheGreatEnough_DieYoung_Full.zip,516 MB,20,https://previews.cambridge-mt.com/DieYoung_Full_Preview.mp3,3,184
You Know Better,https://mtkdata.cambridgemusictechnology.co.uk/MTK016/HannesKeseberg_YouKnowBetter_Full.zip,490 MB,34,https://previews.cambridge-mt.com/YouKnowBetter_Full_Preview.mp3,3,185
Resistencia Para Un Nuevo Comenzar,https://multitracks.cambridge-mt.com/Hazael_ResistenciaParaUnNuevoComenzar_Full.zip,373 MB,20,https://previews.cambridge-mt.com/ResistenciaParaUnNuevoComenzar_Full_Preview.mp3,3,186
Gravediggers,https://mtkdata.cambridgemusictechnology.co.uk/MTK015/Hollowstate_Gravediggers_Full.zip,1114 MB,50,https://previews.cambridge-mt.com/Gravediggers_Full_Preview.mp3,3,187
Heart On My Thumb,https://mtkdata.cambridgemusictechnology.co.uk/MTK001/HowToKillAConversation_HeartOnMyThumb_Full.zip,206 MB,12,https://previews.cambridge-mt.com/HeartOnMyThumb_Full_Preview.mp3,3,188
Location Location,https://mtkdata.cambridgemusictechnology.co.uk/MTK001/HowToKillAConversation_LocationLocation_Full.zip,367 MB,16,https://previews.cambridge-mt.com/LocationLocation_Full_Preview.mp3,3,188
Mute,https://mtkdata.cambridgemusictechnology.co.uk/MTK001/HowToKillAConversation_Mute_Full.zip,364 MB,12,https://previews.cambridge-mt.com/Mute_Full_Preview.mp3,3,188
Oil,https://mtkdata.cambridgemusictechnology.co.uk/MTK001/HowToKillAConversation_Oil_Full.zip,320 MB,16,https://previews.cambridge-mt.com/Oil_Full_Preview.mp3,3,188
Showmonster,https://mtkdata.cambridgemusictechnology.co.uk/MTK001/HowToKillAConversation_Showmonster_Full.zip,351 MB,12,https://previews.cambridge-mt.com/Showmonster_Full_Preview.mp3,3,188
Living In The City,https://mtkdata.cambridgemusictechnology.co.uk/Telefunken/HurrayForTheRiffRaff_LivingInTheCity_Full.zip,612 MB,20,https://previews.cambridge-mt.com/LivingInTheCity_Full_Preview.mp3,3,189
The Last Stand,https://mtkdata.cambridgemusictechnology.co.uk/Telefunken/IkebeShakedown_TheLastStand_Full.zip,550 MB,18,https://previews.cambridge-mt.com/TheLastStand_Full_Preview.mp3,3,190
Don't Let The Devil Take Your Mind,https://mtkdata.cambridgemusictechnology.co.uk/Telefunken/JackieGreene_DontLetTheDevilTakeYourMind_Full.zip,1300 MB,27,https://previews.cambridge-mt.com/DontLetTheDevilTakeYourMind_Full_Preview.mp3,3,191
Can You Say The Same,https://multitracks.cambridge-mt.com/JamesTimmsBenjaminCoosemans_CanYouSayTheSame_Full.zip,538 MB,40,https://previews.cambridge-mt.com/CanYouSayTheSame_Full_Preview.mp3,3,192
All American Mutt,https://mtkdata.cambridgemusictechnology.co.uk/Telefunken/JamieKent_AllAmericanMutt_Full.zip,369 MB,16,https://previews.cambridge-mt.com/AllAmericanMutt_Full_Preview.mp3,3,193
Sea Of Leaves,https://mtkdata.cambridgemusictechnology.co.uk/MTK003/MR1204_JokersJacksKings_Full.zip,381 MB,33,https://previews.cambridge-mt.com/1204_Remix.mp3,3,194
Joy Ride,https://mtkdata.cambridgemusictechnology.co.uk/Telefunken/KungFu_JoyRide_Full.zip,1347 MB,24,https://previews.cambridge-mt.com/JoyRide_Full_Preview.mp3,3,195
River's Risin,https://mtkdata.cambridgemusictechnology.co.uk/Telefunken/LeftoverSalmon_RiversRisin_Full.zip,823 MB,16,https://previews.cambridge-mt.com/RiversRisin_Full_Preview.mp3,3,196
Just One Minute,https://multitracks.cambridge-mt.com/LinguaFunqa_JustOneMinute_Full.zip,794 MB,55,https://previews.cambridge-mt.com/JustOneMinute_Full_Preview.mp3,3,197
Matterplay,https://mtkdata.cambridgemusictechnology.co.uk/MTK010/MalenkySlovos_Matterplay_Full.zip,467 MB,34,https://previews.cambridge-mt.com/Matterplay_Full_Preview.mp3,3,198
Maggie May,https://mtkdata.cambridgemusictechnology.co.uk/MTK001/ManAboutADog_MaggieMay_Full.zip,286 MB,15,https://previews.cambridge-mt.com/MaggieMay_Full_Preview.mp3,3,199
Shut Up And Play,https://mtkdata.cambridgemusictechnology.co.uk/MTK015/MarcusBoeltz_ShutUpAndPlay_Full.zip,264 MB,15,https://previews.cambridge-mt.com/ShutUpAndPlay_Full_Preview.mp3,3,200
Buildin' It Up,https://mtkdata.cambridgemusictechnology.co.uk/Telefunken/McLovins_BuildinItUp_Full.zip,531 MB,17,https://previews.cambridge-mt.com/BuildinItUp_Full_Preview.mp3,3,201
Shore,https://mtkdata.cambridgemusictechnology.co.uk/MTK007/MotorTapes_Shore_Full.zip,534 MB,43,https://previews.cambridge-mt.com/Shore_Full_Preview.mp3,3,202
Mallory,https://mtkdata.cambridgemusictechnology.co.uk/MTK004/MR1205_MountaineeringClub_Full.zip,647 MB,44,https://previews.cambridge-mt.com/1205_Remix.mp3,3,203
Take It Off,https://mtkdata.cambridgemusictechnology.co.uk/MTK010/NeonHornet_TakeItOff_Full.zip,413 MB,15,https://previews.cambridge-mt.com/TakeItOff_Full_Preview.mp3,3,204
Living Lie,https://multitracks.cambridge-mt.com/Nerve9_LivingLie_Full.zip,560 MB,35,https://previews.cambridge-mt.com/LivingLie_Full_Preview.mp3,3,205
Pray For The Rain,https://mtkdata.cambridgemusictechnology.co.uk/MTK009/Nerve9_PrayForTheRain_Full.zip,627 MB,47,https://previews.cambridge-mt.com/PrayForTheRain_Full_Preview.mp3,3,205
One Time Weekend,https://mtkdata.cambridgemusictechnology.co.uk/Telefunken/OneTimeWeekend_OneTimeWeekend_Full.zip,1320 MB,18,https://previews.cambridge-mt.com/OneTimeWeekend_Full_Preview.mp3,3,206
Seat Back,https://mtkdata.cambridgemusictechnology.co.uk/Telefunken/ThePennilessWild_SeatBack_Full.zip,734 MB,20,https://previews.cambridge-mt.com/SeatBack_Full_Preview.mp3,3,207
Meu Bem,https://multitracks.cambridge-mt.com/PerdidosNaZonaSul_MeuBem_Full.zip,341 MB,26,https://previews.cambridge-mt.com/MeuBem_Full_Preview.mp3,3,208
The Blues Is A Lady,https://mtkdata.cambridgemusictechnology.co.uk/MTK010/PeterWhite_TheBluesIsALady_Full.zip,379 MB,24,https://previews.cambridge-mt.com/TheBluesIsALady_Full_Preview.mp3,3,209
Crazy Girl,https://multitracks.cambridge-mt.com/PeterWhite_CrazyGirl_Full.zip,501 MB,37,https://previews.cambridge-mt.com/CrazyGirl_Full_Preview.mp3,3,209
Everybody's Falling Apart,https://mtkdata.cambridgemusictechnology.co.uk/MTK001/MR1008_PhreTheEon_Full.zip,450 MB,25,https://previews.cambridge-mt.com/1008_Remix.mp3,3,210
Last Night's Gig,https://mtkdata.cambridgemusictechnology.co.uk/Telefunken/PlywoodCowboy_LastNightsGig_Full.zip,563 MB,18,https://previews.cambridge-mt.com/LastNightsGig_Full_Preview.mp3,3,211
Access Denied,https://multitracks.cambridge-mt.com/PurpleHatMob_AccessDenied_Full.zip,477 MB,28,https://previews.cambridge-mt.com/AccessDenied_Full_Preview.mp3,3,212
Ayni Nehirde,https://multitracks.cambridge-mt.com/Qupe_AyniNehirde_Full.zip,467 MB,28,https://previews.cambridge-mt.com/AyniNehirde_Full_Preview.mp3,3,213
4 Out Of 10,https://mtkdata.cambridgemusictechnology.co.uk/Telefunken/Ripe_4OutOf10_Full.zip,624 MB,18,https://previews.cambridge-mt.com/4OutOf10_Full_Preview.mp3,3,214
Little Lighter,https://mtkdata.cambridgemusictechnology.co.uk/Telefunken/Ripe_LittleLighter_Full.zip,635 MB,26,https://previews.cambridge-mt.com/LittleLighter_Full_Preview.mp3,3,214
Gökyüzü,https://multitracks.cambridge-mt.com/Salon8_Gokyuzu_Full.zip,251 MB,16,https://previews.cambridge-mt.com/Gokyuzu_Full_Preview.mp3,3,215
Borderline,https://mtkdata.cambridgemusictechnology.co.uk/MTK007/Secretariat_Borderline_Full.zip,271 MB,12,https://previews.cambridge-mt.com/Borderline_Full_Preview.mp3,3,216
Homebound,https://mtkdata.cambridgemusictechnology.co.uk/MTK007/Secretariat_Homebound_Full.zip,54 MB,2,https://previews.cambridge-mt.com/Homebound_Full_Preview.mp3,3,216
Over The Top,https://mtkdata.cambridgemusictechnology.co.uk/MTK007/Secretariat_OverTheTop_Full.zip,225 MB,11,https://previews.cambridge-mt.com/OverTheTop_Full_Preview.mp3,3,216
Hope And The Sea,https://mtkdata.cambridgemusictechnology.co.uk/Telefunken/SixFoxWhiskey_HopeAndTheSea_Full.zip,1390 MB,20,https://previews.cambridge-mt.com/HopeAndTheSea_Full_Preview.mp3,3,217
Banana Split,https://mtkdata.cambridgemusictechnology.co.uk/MTK017/SkyeezAndTheWhiteflies_BananaSplit_Full.zip,738 MB,48,https://previews.cambridge-mt.com/BananaSplit_Full_Preview.mp3,3,218
Mike's Sulking,https://mtkdata.cambridgemusictechnology.co.uk/MTK003/SpikeMullings_MikesSulking_Full.zip,514 MB,19,https://previews.cambridge-mt.com/MikesSulking_Full_Preview.mp3,3,219
For I Am The Moon,https://mtkdata.cambridgemusictechnology.co.uk/Telefunken/SunshineGarciaBand_ForIAmTheMoon_Full.zip,1300 MB,56,https://previews.cambridge-mt.com/ForIAmTheMoon_Full_Preview.mp3,3,220
Lost My Way,https://mtkdata.cambridgemusictechnology.co.uk/MTK005/SwingingSteaks_LostMyWay_Full.zip,667 MB,26,https://previews.cambridge-mt.com/LostMyWay_Full_Preview.mp3,3,221
Heart Of My Home Town,https://mtkdata.cambridgemusictechnology.co.uk/Telefunken/MattSzlachetka_HeartOfMyHomeTown_Full.zip,706 MB,20,https://previews.cambridge-mt.com/HeartOfMyHomeTown_Full_Preview.mp3,3,222
Kings And Queens,https://multitracks.cambridge-mt.com/thelvnguage_KingsAndQueens_Full.zip,269 MB,15,https://previews.cambridge-mt.com/KingsAndQueens_Full_Preview.mp3,3,223
Raspberry Jam,https://multitracks.cambridge-mt.com/thelvnguage_RaspberryJam_Full.zip,113 MB,8,https://previews.cambridge-mt.com/RaspberryJam_Full_Preview.mp3,3,223
GOTGF,https://multitracks.cambridge-mt.com/TheTimezone_GOTGF_Full.zip,601 MB,54,https://previews.cambridge-mt.com/GOTGF_Full_Preview.mp3,3,224
Happy Blues,https://multitracks.cambridge-mt.com/TommyMarcinek_HappyBlues_Full.zip,140 MB,19,https://previews.cambridge-mt.com/HappyBlues_Full_Preview.mp3,3,225
My Childhood Sweetheart,https://multitracks.cambridge-mt.com/TommyMarcinek_MyChildhoodSweetheart_Full.zip,617 MB,24,https://previews.cambridge-mt.com/MyChildhoodSweetheart_Full_Preview.mp3,3,225
Once More (With Feeling),https://mtkdata.cambridgemusictechnology.co.uk/MTK002/TrafficExperiment_OnceMore_Full.zip,1133 MB,63,https://previews.cambridge-mt.com/OnceMore_Full_Preview.mp3,3,226
Sirens,https://mtkdata.cambridgemusictechnology.co.uk/MTK002/TrafficExperiment_Sirens_Full.zip,888 MB,32,https://previews.cambridge-mt.com/Sirens_Full_Preview.mp3,3,226
Passing Ships,https://mtkdata.cambridgemusictechnology.co.uk/MTK010/TheTravellingBand_PassingShips_Full.zip,761 MB,50,https://previews.cambridge-mt.com/PassingShips_Full_Preview.mp3,3,227
Quicksand,https://mtkdata.cambridgemusictechnology.co.uk/MTK010/TheTravellingBand_Quicksand_Full.zip,397 MB,35,https://previews.cambridge-mt.com/Quicksand_Full_Preview.mp3,3,227
"Lookin' Tough, Feelin' Good",https://mtkdata.cambridgemusictechnology.co.uk/Telefunken/Turkuaz_LookinToughFeelinGood_Full.zip,1330 MB,24,https://previews.cambridge-mt.com/LookinToughFeelinGood_Full_Preview.mp3,3,228
Tip Toe Through The Crypto,https://mtkdata.cambridgemusictechnology.co.uk/Telefunken/Turkuaz_TipTopThroughTheCrypto_Full.zip,444 MB,23,https://previews.cambridge-mt.com/TipToeThroughTheCrypto_Full_Preview.mp3,3,228
Backroom In Tulsa,https://mtkdata.cambridgemusictechnology.co.uk/MTK005/WesleyMorgan_BackroomInTulsa_Full.zip,595 MB,21,https://previews.cambridge-mt.com/BackroomInTulsa_Full_Preview.mp3,3,229
Flesh And Bone,https://mtkdata.cambridgemusictechnology.co.uk/MTK005/WesleyMorgan_FleshAndBone_Full.zip,349 MB,9,https://previews.cambridge-mt.com/FleshAndBone_Full_Preview.mp3,3,229
Poor Boy,https://mtkdata.cambridgemusictechnology.co.uk/MTK005/WesleyMorgan_PoorBoy_Stems.zip,565 MB,16,https://previews.cambridge-mt.com/PoorBoy_Stems_Preview.mp3,3,229
64 Bristol,https://multitracks.cambridge-mt.com/WessMeetsWest_64Bristol_Full.zip,970 MB,72,https://previews.cambridge-mt.com/64Bristol_Full_Preview.mp3,3,230
Direct Experience,https://multitracks.cambridge-mt.com/WessMeetsWest_DirectExperience_Full.zip,1284 MB,72,https://previews.cambridge-mt.com/DirectExperience_Full_Preview.mp3,3,230
Like You Do,https://mtkdata.cambridgemusictechnology.co.uk/Telefunken/TheWesternDen_LikeYouDo_Full.zip,654 MB,19,https://previews.cambridge-mt.com/LikeYouDo_Full_Preview.mp3,3,231
Into The Forest,https://multitracks.cambridge-mt.com/WideWaters_IntoTheForest_Full_Pt1.zip,917 MB,84,https://previews.cambridge-mt.com/IntoTheForest_Full_Preview.mp3,3,232
Funky To The Bone,https://multitracks.cambridge-mt.com/WIND_FunkyToTheBone_Full.zip,962 MB,43,https://previews.cambridge-mt.com/FunkyToTheBone_Full_Preview.mp3,3,233
Temporary Happiness,https://multitracks.cambridge-mt.com/WIND_TemporaryHappiness_Full.zip,1006 MB,34,https://previews.cambridge-mt.com/TemporaryHappiness_Full_Preview.mp3,3,233
Animals,https://mtkdata.cambridgemusictechnology.co.uk/MTK014/Woodfire_Animals_Full.zip,285 MB,15,https://previews.cambridge-mt.com/Animals_Full_Preview.mp3,3,234
Get Fooled,https://mtkdata.cambridgemusictechnology.co.uk/MTK014/Woodfire_GetFooled_Full.zip,384 MB,14,https://previews.cambridge-mt.com/GetFooled_Full_Preview.mp3,3,234
Haunted House,https://mtkdata.cambridgemusictechnology.co.uk/MTK014/Woodfire_HauntedHouse_Full.zip,225 MB,15,https://previews.cambridge-mt.com/HauntedHouse_Full_Preview.mp3,3,234
Outer _,https://mtkdata.cambridgemusictechnology.co.uk/MTK014/Woodfire_Outer_Full.zip,290 MB,16,https://previews.cambridge-mt.com/Outer_Full_Preview.mp3,3,234
Wealthy In Time,https://mtkdata.cambridgemusictechnology.co.uk/MTK014/Woodfire_WealthyInTime_Full.zip,317 MB,13,https://previews.cambridge-mt.com/WealthyInTime_Full_Preview.mp3,3,234
Signs,https://mtkdata.cambridgemusictechnology.co.uk/MTK001/MR1003_Zeno_Full.zip,387 MB,44,https://previews.cambridge-mt.com/1003_Remix.mp3,3,235
Nosso Mundo Deixou De Existir,https://mtkdata.cambridgemusictechnology.co.uk/MTK016/AleLak_NossoMundoDeixouDeExistir_Full.zip,349 MB,26,https://previews.cambridge-mt.com/NossoMundoDeixouDeExistir_Full_Preview.mp3,4,236
Ambitions,https://multitracks.cambridge-mt.com/AllHandsLost_Ambitions_Full.zip,321 MB,20,https://previews.cambridge-mt.com/Ambitions_Full_Preview.mp3,4,237
I'm Alright,https://mtkdata.cambridgemusictechnology.co.uk/MTK006/AngelsInAmplifiers_ImAlright_Full.zip,285 MB,13,https://previews.cambridge-mt.com/ImAlright_Full_Preview.mp3,4,238
Still Flyin',https://multitracks.cambridge-mt.com/TheApprehended_StillFlyin_Full.zip,720 MB,46,https://previews.cambridge-mt.com/StillFlyin_Full_Preview.mp3,4,239
Children Of No-one,https://mtkdata.cambridgemusictechnology.co.uk/MTK005/MR1212_BillChudziak_Full.zip,483 MB,24,https://previews.cambridge-mt.com/1212_Remix.mp3,4,240
Cage,https://multitracks.cambridge-mt.com/TheBlackCrown_Cage_Full.zip,511 MB,29,https://previews.cambridge-mt.com/Cage_Full_Preview.mp3,4,241
Flames,https://multitracks.cambridge-mt.com/TheBlackCrown_Flames_Full.zip,869 MB,26,https://previews.cambridge-mt.com/Flames_Full_Preview.mp3,4,241
What I Want,https://mtkdata.cambridgemusictechnology.co.uk/Telefunken/TheBrew_WhatIWant_Full.zip,627 MB,37,https://previews.cambridge-mt.com/WhatIWant_Full_Preview.mp3,4,242
Happy Pills,https://mtkdata.cambridgemusictechnology.co.uk/Telefunken/Candlebox_HappyPills_Full.zip,487 MB,18,https://previews.cambridge-mt.com/HappyPills_Full_Preview.mp3,4,243
Surrendering,https://mtkdata.cambridgemusictechnology.co.uk/Telefunken/Candlebox_Surrendering_Full.zip,616 MB,22,https://previews.cambridge-mt.com/Surrendering_Full_Preview.mp3,4,243
Bannockburn,https://mtkdata.cambridgemusictechnology.co.uk/MTK002/CnocAnTursa_Bannockburn_Full.zip,999 MB,43,https://previews.cambridge-mt.com/Bannockburn_Full_Preview.mp3,4,244
Etc,https://mtkdata.cambridgemusictechnology.co.uk/MTK001/Complainiacs_Etc_Full.zip,162 MB,13,https://previews.cambridge-mt.com/Etc_Full_Preview.mp3,4,245
Burning Bridges,https://mtkdata.cambridgemusictechnology.co.uk/MTK008/DarkRide_BurningBridges_Full.zip,465 MB,32,https://previews.cambridge-mt.com/BurningBridges_Full_Preview.mp3,4,246
Dead Enemies,https://mtkdata.cambridgemusictechnology.co.uk/MTK008/DarkRide_DeadEnemies_Full.zip,624 MB,55,https://previews.cambridge-mt.com/DeadEnemies_Full_Preview.mp3,4,246
Hammer Down,https://mtkdata.cambridgemusictechnology.co.uk/MTK008/DarkRide_HammerDown_Full.zip,585 MB,40,https://previews.cambridge-mt.com/HammerDown_Full_Preview.mp3,4,246
Piece Of Me,https://mtkdata.cambridgemusictechnology.co.uk/MTK008/DarkRide_PieceOfMe_Full.zip,871 MB,31,https://previews.cambridge-mt.com/PieceOfMe_Full_Preview.mp3,4,246
The Well,https://multitracks.cambridge-mt.com/DeathOfARomantic_TheWell_Full.zip,441 MB,25,https://previews.cambridge-mt.com/TheWell_Full_Preview.mp3,4,247
Unseen,https://multitracks.cambridge-mt.com/Decypher_Unseen_Full.zip,885 MB,29,https://previews.cambridge-mt.com/Unseen_Full_Preview.mp3,4,248
Iron Sheik,http://www.puremix.net/zelab-mixing-contest/zelab-session-11-iron-sheik.html,161 MB,30,https://previews.cambridge-mt.com/IronSheik_Full_Preview.mp3,4,249
Semantics,https://mtkdata.cambridgemusictechnology.co.uk/MTK008/Forkupines_Semantics_Full.zip,567 MB,48,https://previews.cambridge-mt.com/Semantics_Full_Preview.mp3,4,250
Sugar - Faith,https://multitracks.cambridge-mt.com/Forkupines_SugarFaith_Full.zip,1550 MB,45,https://previews.cambridge-mt.com/SugarFaith_Full_Preview.mp3,4,250
"Sleep By The Fire, Bloom In Water",https://mtkdata.cambridgemusictechnology.co.uk/MTK008/Forkupines_SleepByTheFireBloomInWater_Full.zip,610 MB,44,https://previews.cambridge-mt.com/SleepByTheFireBloomInWater_Full_Preview.mp3,4,250
Bitter,https://mtkdata.cambridgemusictechnology.co.uk/MTK016/Fytakyte_Bitter_Stems.zip,444 MB,12,https://previews.cambridge-mt.com/Bitter_Full_Preview.mp3,4,251
Life Gets In The Way,https://mtkdata.cambridgemusictechnology.co.uk/MTK016/Fytakyte_LifeGetsInTheWay_Stems.zip,422 MB,9,https://previews.cambridge-mt.com/LifeGetsInTheWay_Full_Preview.mp3,4,251
Outa Control,https://mtkdata.cambridgemusictechnology.co.uk/MTK016/Fytakyte_OutaControl_Stems.zip,571 MB,12,https://previews.cambridge-mt.com/OutaControl_Full_Preview.mp3,4,251
New Day Dawning,https://mtkdata.cambridgemusictechnology.co.uk/MTK015/GBassProject_NewDayDawning_Full.zip,462 MB,43,https://previews.cambridge-mt.com/NewDayDawning_Full_Preview.mp3,4,252
You Make Me Smile,https://mtkdata.cambridgemusictechnology.co.uk/MTK015/GBassProject_YouMakeMeSmile_Full.zip,352 MB,14,https://previews.cambridge-mt.com/YouMakeMeSmile_Full_Preview.mp3,4,252
Chasque,https://multitracks.cambridge-mt.com/GeometriaChicken_Chasque_Full.zip,181 MB,12,https://previews.cambridge-mt.com/Chasque_Full_Preview.mp3,4,253
Das Funkeren,https://multitracks.cambridge-mt.com/GeometriaChicken_DasFunkeren_Full.zip,310 MB,29,https://previews.cambridge-mt.com/DasFunkeren_Full_Preview.mp3,4,253
XXXV,https://multitracks.cambridge-mt.com/HeadwoundHarry_XXXV_Full.zip,292 MB,23,https://previews.cambridge-mt.com/XXXV_Full_Preview.mp3,4,254
Ill Fate,https://mtkdata.cambridgemusictechnology.co.uk/MTK002/HollowGround_IllFate_Full.zip,295 MB,21,https://previews.cambridge-mt.com/IllFate_Full_Preview.mp3,4,255
Left Blind,https://mtkdata.cambridgemusictechnology.co.uk/MTK002/HollowGround_LeftBlind_Full.zip,134 MB,16,https://previews.cambridge-mt.com/LeftBlind_Full_Preview.mp3,4,255
Believe,https://onedrive.live.com/redir?resid=E679268A3E5B5D83!270675&authkey=!AGzv8G3SkTwKcyA&ithint=file%2czip,165 MB,36,https://previews.cambridge-mt.com/Believe_Full_Preview.mp3,4,256
Another Life,https://multitracks.cambridge-mt.com/ImpAct_AnotherLife_Full.zip,484 MB,31,https://previews.cambridge-mt.com/AnotherLife_Full_Preview.mp3,4,257
The Island Of Alsocanla,https://multitracks.cambridge-mt.com/ImpAct_TheIslandOfAlsocanla_Full.zip,276 MB,20,https://previews.cambridge-mt.com/TheIslandOfAlsocanla_Full_Preview.mp3,4,257
Dune Rider,https://mtkdata.cambridgemusictechnology.co.uk/MTK006/ImpossibleColours_DuneRider_Full.zip,705 MB,33,https://previews.cambridge-mt.com/DuneRider_Full_Preview.mp3,4,258
The Truth,https://mtkdata.cambridgemusictechnology.co.uk/MTK006/ImpossibleColours_TheTruth_Full.zip,704 MB,35,https://previews.cambridge-mt.com/TheTruth_Full_Preview.mp3,4,258
Suit You,https://mtkdata.cambridgemusictechnology.co.uk/MTK014/JetB_SuitYou_Full.zip,287 MB,22,https://previews.cambridge-mt.com/SuitYou_Full_Preview.mp3,4,259
To The Wolves,https://mtkdata.cambridgemusictechnology.co.uk/MTK014/JetB_ToTheWolves_Full.zip,277 MB,25,https://previews.cambridge-mt.com/ToTheWolves_Full_Preview.mp3,4,259
Daisy Daisy,https://mtkdata.cambridgemusictechnology.co.uk/MTK001/JohnMcKay_DaisyDaisy_Full.zip,204 MB,12,https://previews.cambridge-mt.com/DaisyDaisy_Full_Preview.mp3,4,260
Promises & Lies,https://mtkdata.cambridgemusictechnology.co.uk/MTK001/MR1101_JohnnyLokke_Full.zip,554 MB,23,https://previews.cambridge-mt.com/1101_Remix.mp3,4,261
Whisper To A Scream,https://mtkdata.cambridgemusictechnology.co.uk/MTK001/JohnnyLokke_WhisperToAScream_Full.zip,363 MB,24,https://previews.cambridge-mt.com/WhisperToAScream_Full_Preview.mp3,4,261
Dios Salve El R&R - Cielo Sin Santos,https://mtkdata.cambridgemusictechnology.co.uk/MTK015/JuanitaDientesVerdes_DiosSalveElRockAndRollCieloSinSantos_Full.zip,521 MB,10,https://previews.cambridge-mt.com/DiosSalveElRockAndRollCieloSinSantos_Full_Preview.mp3,4,262
Donde No Llega La Luz,https://mtkdata.cambridgemusictechnology.co.uk/MTK015/JuanitaDientesVerdes_DondeNoLlegaLaLuz_Full.zip,247 MB,10,https://previews.cambridge-mt.com/DondeNoLlegaLaLuz_Full_Preview.mp3,4,262
Placido Domingo,https://mtkdata.cambridgemusictechnology.co.uk/MTK015/JuanitaDientesVerdes_PlacidoDomingo_Full.zip,280 MB,11,https://previews.cambridge-mt.com/PlacidoDomingo_Full_Preview.mp3,4,262
Who's Who In Hell,https://multitracks.cambridge-mt.com/Lastlegacy_WhosWhoInHell_Full.zip,354 MB,38,https://previews.cambridge-mt.com/WhosWhoInHell_Full_Preview.mp3,4,263
The Dice,https://multitracks.cambridge-mt.com/LeadInc_TheDice_Full.zip,609 MB,26,https://previews.cambridge-mt.com/TheDice_Full_Preview.mp3,4,264
The Inner Circle,https://multitracks.cambridge-mt.com/LeadInc_InnerCircle_Full.zip,1377 MB,47,https://previews.cambridge-mt.com/InnerCircle_Full_Preview.mp3,4,264
Way Of Life,https://multitracks.cambridge-mt.com/LeadInc_WayOfLife_Full.zip,544 MB,25,https://previews.cambridge-mt.com/WayOfLife_Full_Preview.mp3,4,264
Good Time,https://mtkdata.cambridgemusictechnology.co.uk/MTK003/LouisCressyBand_GoodTime_Full.zip,588 MB,21,https://previews.cambridge-mt.com/GoodTime_Full_Preview.mp3,4,265
Get Out Of Bed,https://multitracks.cambridge-mt.com/MagiciansNephew_GetOutOfBed_Full.zip,365 MB,31,https://previews.cambridge-mt.com/GetOutOfBed_Full_Preview.mp3,4,266
Symphony Of Silence,https://multitracks.cambridge-mt.com/MagiciansNephew_SymphonyOfSilence_Full.zip,333 MB,42,https://previews.cambridge-mt.com/SymphonyOfSilence_Full_Preview.mp3,4,266
One Flip Flop,https://multitracks.cambridge-mt.com/TheMaybeNextYears_OneFlipFlop_Full.zip,735 MB,40,https://previews.cambridge-mt.com/OneFlipFlop_Full_Preview.mp3,4,267
Carnival Charade,https://multitracks.cambridge-mt.com/Mistrusted_CarnivalCharade_Full.zip,407 MB,19,https://previews.cambridge-mt.com/CarnivalCharade_Full_Preview.mp3,4,268
Cascade,https://multitracks.cambridge-mt.com/Mistrusted_Cascade_Full.zip,322 MB,22,https://previews.cambridge-mt.com/Cascade_Full_Preview.mp3,4,268
Polemic,https://multitracks.cambridge-mt.com/Mistrusted_Polemic_Full.zip,183 MB,21,https://previews.cambridge-mt.com/Polemic_Full_Preview.mp3,4,268
All The Same,https://mtkdata.cambridgemusictechnology.co.uk/MTK003/MR0912_NorthToAlaska_Full.zip,269 MB,34,https://previews.cambridge-mt.com/0912_Remix.mp3,4,269
Four Graham,https://multitracks.cambridge-mt.com/NovaOneStudio_FourGraham_Full.zip,303 MB,37,https://previews.cambridge-mt.com/FourGraham_Full_Preview.mp3,4,270
"Progresivo 1, El Vuelo",https://mtkdata.cambridgemusictechnology.co.uk/MTK009/PabloMartin_Progresivo1ElVuelo_Full.zip,650 MB,59,https://previews.cambridge-mt.com/Progresivo1ElVuelo_Full_Preview.mp3,4,271
Piers,https://multitracks.cambridge-mt.com/PaintedSkies_Piers_Full.zip,385 MB,16,https://previews.cambridge-mt.com/Piers_Full_Preview.mp3,4,272
Duty & Memories,https://multitracks.cambridge-mt.com/PerpetualEscape_DutyAndMemories_Full.zip,889 MB,38,https://previews.cambridge-mt.com/DutyAndMemories_Full_Preview.mp3,4,273
Into My Dreams,https://multitracks.cambridge-mt.com/PerpetualEscape_IntoMyDreams_Full_1.zip,1090 MB,113,https://previews.cambridge-mt.com/IntoMyDreams_Full_Preview.mp3,4,273
Roots Of Mankind,https://multitracks.cambridge-mt.com/PerpetualEscape_RootsOfMankind_Full.zip,1194 MB,66,https://previews.cambridge-mt.com/RootsOfMankind_Full_Preview.mp3,4,273
Sin Six,https://multitracks.cambridge-mt.com/PerpetualEscape_SinSix_Full.zip,884 MB,50,https://previews.cambridge-mt.com/SinSix_Full_Preview.mp3,4,273
Stop And Rise,https://multitracks.cambridge-mt.com/PerpetualEscape_StopAndRise_Full.zip,642 MB,55,https://previews.cambridge-mt.com/StopAndRise_Full_Preview.mp3,4,273
Burial Of Silence,https://multitracks.cambridge-mt.com/RebuildTheEvil_BurialOfSilence_Full.zip,254 MB,26,https://previews.cambridge-mt.com/BurialOfSilence_Full_Preview.mp3,4,274
The Elephant,https://multitracks.cambridge-mt.com/RobertHammon_TheElephant_Full.zip,615 MB,24,https://previews.cambridge-mt.com/TheElephant_Full_Preview.mp3,4,275
Rat Race,https://multitracks.cambridge-mt.com/RubyRoads_RatRace_Full.zip,930 MB,32,https://previews.cambridge-mt.com/RatRace_Full_Preview.mp3,4,276
Aeternum Vale,https://mtkdata.cambridgemusictechnology.co.uk/MTK014/ScottElliott_AeternumVale_Full.zip,1247 MB,49,https://previews.cambridge-mt.com/AeternumVale_Full_Preview.mp3,4,277
The Forthcoming Turn,https://multitracks.cambridge-mt.com/SilenceIsNear_TheForthcomingTurn_Full.zip,1744 MB,39,https://previews.cambridge-mt.com/TheForthcomingTurn_Full_Preview.mp3,4,278
Of Ice And Hopeless Fate,https://multitracks.cambridge-mt.com/StormOfParticles_OfIceAndHopelessFate_Full.zip,542 MB,28,https://previews.cambridge-mt.com/OfIceAndHopelessFate_Full_Preview.mp3,4,279
I'd Rather Be Drinkin',https://mtkdata.cambridgemusictechnology.co.uk/MTK008/StreetNoise_IdRatherBeDrinkin_Full.zip,283 MB,13,https://previews.cambridge-mt.com/IdRatherBeDrinkin_Full_Preview.mp3,4,280
Revelations,https://mtkdata.cambridgemusictechnology.co.uk/MTK008/StreetNoise_Revelations_Full.zip,436 MB,11,https://previews.cambridge-mt.com/Revelations_Full_Preview.mp3,4,280
You Are The One,https://mtkdata.cambridgemusictechnology.co.uk/MTK008/StreetNoise_YouAreTheOne_Full.zip,751 MB,15,https://previews.cambridge-mt.com/YouAreTheOne_Full_Preview.mp3,4,280
Death Metal Sucks,https://mtkdata.cambridgemusictechnology.co.uk/MTK014/SzymonSkiba_DeathMetalSucks_Full.zip,289 MB,23,https://previews.cambridge-mt.com/DeathMetalSucks_Full_Preview.mp3,4,281
Let's Dance,https://mtkdata.cambridgemusictechnology.co.uk/MTK014/SzymonSkiba_LetsDance_Full.zip,155 MB,21,https://previews.cambridge-mt.com/LetsDance_Full_Preview.mp3,4,281
"Some Trashy Thrash, I Guess",https://mtkdata.cambridgemusictechnology.co.uk/MTK014/SzymonSkiba_SomeTrashyThrashIGuess_Full.zip,194 MB,12,https://previews.cambridge-mt.com/SomeTrashyThrashIGuess_Full_Preview.mp3,4,281
Such Fine People,https://multitracks.cambridge-mt.com/TholasP_SuchFinePeople_Full.zip,667 MB,78,https://previews.cambridge-mt.com/SuchFinePeople_Full_Preview.mp3,4,282
Pony,https://mtkdata.cambridgemusictechnology.co.uk/MTK002/Timboz_Pony_Full.zip,239 MB,13,https://previews.cambridge-mt.com/Pony_Full_Preview.mp3,4,283
Haunted Age,https://mtkdata.cambridgemusictechnology.co.uk/MTK009/Titanium_HauntedAge_Full.zip,360 MB,22,https://previews.cambridge-mt.com/HauntedAge_Full_Preview.mp3,4,284
My Father Never Loved Me,https://multitracks.cambridge-mt.com/Trafficker_MyFatherNeverLovedMe_Full.zip,497 MB,32,https://previews.cambridge-mt.com/MyFatherNeverLovedMe_Full_Preview.mp3,4,285
Magilla,https://multitracks.cambridge-mt.com/Turbosauro_Magilla_Full.zip,464 MB,23,https://previews.cambridge-mt.com/Magilla_Full_Preview.mp3,4,286
Maybe,https://multitracks.cambridge-mt.com/UnicornRodeo_Maybe_Full.zip,1215 MB,54,https://previews.cambridge-mt.com/Maybe_Full_Preview.mp3,4,287
Aureus Necrosis,https://multitracks.cambridge-mt.com/VMGY_AureusNecrosis_Full.zip,401 MB,30,https://previews.cambridge-mt.com/AureusNecrosis_Full_Preview.mp3,4,288
Bloodshed,https://multitracks.cambridge-mt.com/VMGY_Bloodshed_Full.zip,535 MB,36,https://previews.cambridge-mt.com/Bloodshed_Full_Preview.mp3,4,288
Equilibrium,https://multitracks.cambridge-mt.com/VMGY_Equilibrium_Full.zip,619 MB,30,https://previews.cambridge-mt.com/Equilibrium_Full_Preview.mp3,4,288
Omen,https://multitracks.cambridge-mt.com/VMGY_Omen_Full.zip,552 MB,34,https://previews.cambridge-mt.com/Omen_Full_Preview.mp3,4,288
Comfort Lives In Belief,https://mtkdata.cambridgemusictechnology.co.uk/MTK007/Voelund_ComfortLivesInBelief_Full.zip,420 MB,33,https://previews.cambridge-mt.com/ComfortLivesInBelief_Full_Preview.mp3,4,289
Femme,https://mtkdata.cambridgemusictechnology.co.uk/MTK009/WallOfDeath_Femme_Full.zip,371 MB,23,https://previews.cambridge-mt.com/Femme_Full_Preview.mp3,4,290
Not You,https://mtkdata.cambridgemusictechnology.co.uk/MTK003/MR1105_WeFellFromTheSky_Full.zip,530 MB,39,https://previews.cambridge-mt.com/1105_Remix.mp3,4,291
Red On You,https://multitracks.cambridge-mt.com/Wires_RedOnYou_Full.zip,203 MB,15,https://previews.cambridge-mt.com/RedOnYou_Full_Preview.mp3,4,292
Blood To Bone,https://mtkdata.cambridgemusictechnology.co.uk/MTK002/YoungGriffo_BloodToBone_Full.zip,482 MB,23,https://previews.cambridge-mt.com/BloodToBone_Full_Preview.mp3,4,293
Facade,https://mtkdata.cambridgemusictechnology.co.uk/MTK002/MR1110_YoungGriffo_Full.zip,322 MB,20,https://previews.cambridge-mt.com/1110_Remix.mp3,4,293
Pennies,https://mtkdata.cambridgemusictechnology.co.uk/MTK002/YoungGriffo_Pennies_Full.zip,540 MB,28,https://previews.cambridge-mt.com/Pennies_Full_Preview.mp3,4,293
Talk To Me Baby,https://mtkdata.cambridgemusictechnology.co.uk/Telefunken/ZaneCarneyAndFriends_TalkToMeBaby_Full.zip,278 MB,37,https://previews.cambridge-mt.com/ZaneCarneyAndFriends_TalkToMeBaby_Full.mp3,4,294
Keeps Flowing,https://mtkdata.cambridgemusictechnology.co.uk/MTK005/AdmiralCrumple_KeepsFlowing_Full.zip,79 MB,10,https://previews.cambridge-mt.com/KeepsFlowing_Full_Preview.mp3,5,295
Naturally,https://mtkdata.cambridgemusictechnology.co.uk/Telefunken/AllenStone_Naturally_Full.zip,647 MB,16,https://previews.cambridge-mt.com/Naturally_Full_Preview.mp3,5,296
Saudade Do Teu Beijo,https://multitracks.cambridge-mt.com/EgdaCarolyn_SaudadeDoTeuBeijo_Full.zip,114 MB,16,https://previews.cambridge-mt.com/SaudadeDoTeuBeijo_Full_Preview.mp3,5,297
Slow Down,https://mtkdata.cambridgemusictechnology.co.uk/Telefunken/JessicaChildress_SlowDown_Full.zip,485 MB,18,https://previews.cambridge-mt.com/SlowDown_Full_Preview.mp3,5,298
Alone With You,https://multitracks.cambridge-mt.com/JustinMyles_AloneWithYou_Full.zip,564 MB,15,https://previews.cambridge-mt.com/AloneWithYou_Full_Preview.mp3,5,299
Animal,https://mtkdata.cambridgemusictechnology.co.uk/MTK016/Kangoro_Animal_Full.zip,274 MB,69,https://previews.cambridge-mt.com/Animal_Full_Preview.mp3,5,300
Bitch Is Paranoid,https://mtkdata.cambridgemusictechnology.co.uk/MTK016/Kangoro_BitchIsParanoid_Full.zip,209 MB,66,https://previews.cambridge-mt.com/BitchIsParanoid_Full_Preview.mp3,5,300
Clinic A,https://mtkdata.cambridgemusictechnology.co.uk/MTK016/Kangoro_ClinicA_Full.zip,850 MB,97,https://previews.cambridge-mt.com/ClinicA_Full_Preview.mp3,5,300
Easy Tiger,https://mtkdata.cambridgemusictechnology.co.uk/MTK016/Kangoro_EasyTiger_Full.zip,379 MB,41,https://previews.cambridge-mt.com/EasyTiger_Full_Preview.mp3,5,300
King Rascal,https://mtkdata.cambridgemusictechnology.co.uk/MTK016/Kangoro_KingRascal_Full.zip,452 MB,69,https://previews.cambridge-mt.com/KingRascal_Full_Preview.mp3,5,300
Rockshow,https://mtkdata.cambridgemusictechnology.co.uk/MTK016/Kangoro_Rockshow_Full.zip,392 MB,35,https://previews.cambridge-mt.com/Rockshow_Full_Preview.mp3,5,300
Window,https://mtkdata.cambridgemusictechnology.co.uk/MTK016/KillaL_Window_Full.zip,393 MB,35,https://previews.cambridge-mt.com/Window2_Full_Preview.mp3,5,301
My Own,https://mtkdata.cambridgemusictechnology.co.uk/MTK006/LittleChicagosFinest_MyOwn_Full.zip,377 MB,24,https://previews.cambridge-mt.com/MyOwn_Full_Preview.mp3,5,302
Knockout,https://mtkdata.cambridgemusictechnology.co.uk/MTK002/MERCMusic_Knockout_Full.zip,427 MB,53,https://previews.cambridge-mt.com/Knockout_Full_Preview.mp3,5,303
Tochka,https://mtkdata.cambridgemusictechnology.co.uk/MTK015/Pepelpovetru_Tochka_Full.zip,321 MB,33,https://previews.cambridge-mt.com/Tochka_Full_Preview.mp3,5,304
Back Down,https://multitracks.cambridge-mt.com/RyanCali_BackDown_Full.zip,261 MB,24,https://previews.cambridge-mt.com/BackDown_Full_Preview.mp3,5,305
Sing With Me,https://mtkdata.cambridgemusictechnology.co.uk/MTK002/MR1002_SideEffectsProject_Full.zip,405 MB,46,https://previews.cambridge-mt.com/1002_Remix.mp3,5,306
Mystery,https://multitracks.cambridge-mt.com/SOSDemo_Mystery.zip,27 MB,11,https://previews.cambridge-mt.com/Mystery_Preview.mp3,5,307
Foundation,http://www.puremix.net/zelab-mixing-contest/zelab-session-27-stephano-petrocca.html,380 MB,26,https://previews.cambridge-mt.com/Foundation_Full_Preview.mp3,5,308
Kane Guru,https://mtkdata.cambridgemusictechnology.co.uk/Telefunken/WestEndBlend_KaneGuru_Full.zip,1104 MB,22,https://previews.cambridge-mt.com/KaneGuru_Full_Preview.mp3,5,309
Must Be Voodoo,https://mtkdata.cambridgemusictechnology.co.uk/Telefunken/WestEndBlend_MustBeVoodoo_Full.zip,1135 MB,22,https://previews.cambridge-mt.com/MustBeVoodoo_Full_Preview.mp3,5,309
